COUNTRY,COUNTRY_GRP,SEX,YEAR,VALUE
ALB,,ALL,1987,72.18
ALB,,ALL,1988,72.54
ALB,,ALL,1989,71.97
ALB,,ALL,1990,72.61
ALB,,ALL,1992,73.22
ALB,,ALL,1993,73.74
ALB,,ALL,1994,75.68
ALB,,ALL,1995,75.02
ALB,,ALL,1996,74.79
ALB,,ALL,1997,75.36
ALB,,ALL,1998,75.25
ALB,,ALL,1999,76.32
ALB,,ALL,2000,75.1
ALB,,ALL,2001,77.18
ALB,,ALL,2002,76.4
ALB,,ALL,2003,75.77
ALB,,ALL,2004,76.24
ALB,,ALL,2005,76.83
ALB,,ALL,2006,77.67
ALB,,ALL,2007,79.69
ALB,,ALL,2008,78.9
ALB,,ALL,2009,79.64
AND,,ALL,2006,81.5
ARM,,ALL,1970,73.03
ARM,,ALL,1971,74.26
ARM,,ALL,1972,73.25
ARM,,ALL,1973,73.33
ARM,,ALL,1974,73.45
ARM,,ALL,1975,72.59
ARM,,ALL,1976,72.68
ARM,,ALL,1977,72.99
ARM,,ALL,1978,72.64
ARM,,ALL,1979,72.54
ARM,,ALL,1980,72.89
ARM,,ALL,1981,73.83
ARM,,ALL,1982,73.39
ARM,,ALL,1983,72.83
ARM,,ALL,1984,72.64
ARM,,ALL,1985,72.57
ARM,,ALL,1986,73.1
ARM,,ALL,1987,73.07
ARM,,ALL,1988,60.97
ARM,,ALL,1989,72.25
ARM,,ALL,1990,72.08
ARM,,ALL,1991,72.58
ARM,,ALL,1992,71.54
ARM,,ALL,1993,71.15
ARM,,ALL,1994,72.52
ARM,,ALL,1995,72.99
ARM,,ALL,1996,73.21
ARM,,ALL,1997,74.08
ARM,,ALL,1998,74.91
ARM,,ALL,1999,74.84
ARM,,ALL,2000,75.73
ARM,,ALL,2001,75.9
ARM,,ALL,2002,72.88
ARM,,ALL,2003,73.08
ARM,,ALL,2008,73.67
ARM,,ALL,2009,73.85
ARM,,ALL,2012,74.64
ARM,,ALL,2013,75.17
ARM,,ALL,2014,75.18
ARM,,ALL,2015,75.17
ARM,,ALL,2017,75.98
ARM,,ALL,2018,76.67
ARM,,ALL,2019,76.75
AUT,,ALL,1969,69.98
AUT,,ALL,1970,70.02
AUT,,ALL,1971,70.28
AUT,,ALL,1972,70.61
AUT,,ALL,1973,71.15
AUT,,ALL,1974,71.22
AUT,,ALL,1975,71.35
AUT,,ALL,1976,71.8
AUT,,ALL,1977,72.19
AUT,,ALL,1978,72.24
AUT,,ALL,1979,72.61
AUT,,ALL,1980,72.78
AUT,,ALL,1981,73.08
AUT,,ALL,1982,73.26
AUT,,ALL,1983,73.26
AUT,,ALL,1984,73.87
AUT,,ALL,1985,74.11
AUT,,ALL,1986,74.6
AUT,,ALL,1987,75.05
AUT,,ALL,1988,75.52
AUT,,ALL,1989,75.6
AUT,,ALL,1990,75.9
AUT,,ALL,1991,75.95
AUT,,ALL,1992,76.13
AUT,,ALL,1993,76.33
AUT,,ALL,1994,76.71
AUT,,ALL,1995,76.97
AUT,,ALL,1996,77.24
AUT,,ALL,1997,77.61
AUT,,ALL,1998,77.93
AUT,,ALL,1999,78.13
AUT,,ALL,2000,78.47
AUT,,ALL,2001,78.95
AUT,,ALL,2002,79.01
AUT,,ALL,2003,78.89
AUT,,ALL,2004,79.43
AUT,,ALL,2005,79.66
AUT,,ALL,2006,80.19
AUT,,ALL,2007,80.46
AUT,,ALL,2008,80.72
AUT,,ALL,2009,80.57
AUT,,ALL,2010,80.88
AUT,,ALL,2011,81.27
AUT,,ALL,2012,81.19
AUT,,ALL,2013,81.4
AUT,,ALL,2014,81.79
AUT,,ALL,2015,81.45
AUT,,ALL,2016,81.93
AUT,,ALL,2017,81.87
AUT,,ALL,2018,81.91
AUT,,ALL,2019,82.16
AUT,,ALL,2020,81.49
AUT,,ALL,2021,81.42
AZE,,ALL,1981,69.13
AZE,,ALL,1982,69.65
AZE,,ALL,1985,69.82
AZE,,ALL,1986,70.03
AZE,,ALL,1987,70.21
AZE,,ALL,1988,69.77
AZE,,ALL,1989,70.83
AZE,,ALL,1990,71.35
AZE,,ALL,1991,71.07
AZE,,ALL,1992,68.89
AZE,,ALL,1993,68.6
AZE,,ALL,1994,67.93
AZE,,ALL,1995,69.46
AZE,,ALL,1996,70.42
AZE,,ALL,1997,71
AZE,,ALL,1998,71.73
AZE,,ALL,1999,71.73
AZE,,ALL,2000,71.6
AZE,,ALL,2001,72.38
AZE,,ALL,2002,72.41
AZE,,ALL,2003,72.01
AZE,,ALL,2004,72.47
AZE,,ALL,2007,73.77
BEL,,ALL,1968,70.64
BEL,,ALL,1969,70.73
BEL,,ALL,1970,71.02
BEL,,ALL,1971,71.13
BEL,,ALL,1972,71.44
BEL,,ALL,1973,71.66
BEL,,ALL,1974,72
BEL,,ALL,1975,72.04
BEL,,ALL,1976,72.23
BEL,,ALL,1977,72.89
BEL,,ALL,1978,72.76
BEL,,ALL,1979,73.31
BEL,,ALL,1980,73.2
BEL,,ALL,1981,73.59
BEL,,ALL,1982,73.87
BEL,,ALL,1983,73.86
BEL,,ALL,1984,74.34
BEL,,ALL,1985,74.66
BEL,,ALL,1986,74.83
BEL,,ALL,1987,75.5
BEL,,ALL,1988,75.77
BEL,,ALL,1989,75.79
BEL,,ALL,1990,76.26
BEL,,ALL,1991,76.41
BEL,,ALL,1992,76.54
BEL,,ALL,1993,76.49
BEL,,ALL,1994,76.88
BEL,,ALL,1995,77.06
BEL,,ALL,1996,77.4
BEL,,ALL,1997,77.54
BEL,,ALL,1998,77.69
BEL,,ALL,1999,77.85
BEL,,ALL,2000,77.96
BEL,,ALL,2001,78.32
BEL,,ALL,2002,78.32
BEL,,ALL,2003,78.45
BEL,,ALL,2004,79.11
BEL,,ALL,2005,79.19
BEL,,ALL,2006,79.79
BEL,,ALL,2007,79.9
BEL,,ALL,2008,80
BEL,,ALL,2009,80.28
BEL,,ALL,2010,80.3
BEL,,ALL,2011,80.66
BEL,,ALL,2012,80.51
BEL,,ALL,2013,80.79
BEL,,ALL,2014,81.51
BEL,,ALL,2015,81.19
BEL,,ALL,2016,81.65
BEL,,ALL,2017,81.7
BEL,,ALL,2018,81.81
BEL,,ALL,2019,82.21
BEL,,ALL,2020,80.91
BGR,,ALL,1968,71.43
BGR,,ALL,1969,70.41
BGR,,ALL,1970,71.28
BGR,,ALL,1971,70.86
BGR,,ALL,1972,70.84
BGR,,ALL,1973,71.36
BGR,,ALL,1974,71.17
BGR,,ALL,1975,71.01
BGR,,ALL,1976,71.37
BGR,,ALL,1977,70.77
BGR,,ALL,1978,71.12
BGR,,ALL,1979,71.21
BGR,,ALL,1980,71.09
BGR,,ALL,1981,71.61
BGR,,ALL,1982,71.2
BGR,,ALL,1983,71.34
BGR,,ALL,1984,71.4
BGR,,ALL,1985,71.21
BGR,,ALL,1986,71.57
BGR,,ALL,1987,71.37
BGR,,ALL,1988,71.41
BGR,,ALL,1989,71.47
BGR,,ALL,1990,71.48
BGR,,ALL,1991,71.45
BGR,,ALL,1992,71.19
BGR,,ALL,1993,71.15
BGR,,ALL,1994,70.84
BGR,,ALL,1995,70.99
BGR,,ALL,1996,70.94
BGR,,ALL,1997,70.28
BGR,,ALL,1998,70.93
BGR,,ALL,1999,71.66
BGR,,ALL,2000,71.71
BGR,,ALL,2001,71.91
BGR,,ALL,2002,72.16
BGR,,ALL,2003,72.39
BGR,,ALL,2004,72.6
BGR,,ALL,2005,72.59
BGR,,ALL,2006,72.76
BGR,,ALL,2007,73.07
BGR,,ALL,2008,73.41
BGR,,ALL,2009,73.77
BGR,,ALL,2010,73.81
BGR,,ALL,2011,74.23
BGR,,ALL,2012,74.44
BGR,,ALL,2013,74.96
BGR,,ALL,2014,74.57
BGR,,ALL,2015,74.71
BGR,,ALL,2016,74.94
BGR,,ALL,2017,74.88
BGR,,ALL,2018,75.02
BGR,,ALL,2019,75.19
BGR,,ALL,2020,73.63
BGR,,ALL,2021,71.4
BIH,,ALL,1985,71.3
BIH,,ALL,1986,71.79
BIH,,ALL,1987,71.88
BIH,,ALL,1988,72.11
BIH,,ALL,1989,72.01
BIH,,ALL,1990,72.98
BIH,,ALL,1991,72.46
BIH,,ALL,2011,76.66
BIH,,ALL,2014,77.54
BIH,,ALL,2016,76.28
BIH,,ALL,2021,74.9
BIH,,ALL,2022,77
BLR,,ALL,1981,71.37
BLR,,ALL,1982,71.5
BLR,,ALL,1985,70.96
BLR,,ALL,1986,72.38
BLR,,ALL,1987,72.22
BLR,,ALL,1988,72.01
BLR,,ALL,1989,71.83
BLR,,ALL,1990,71.24
BLR,,ALL,1991,70.68
BLR,,ALL,1992,70.36
BLR,,ALL,1993,69.21
BLR,,ALL,1994,68.99
BLR,,ALL,1995,68.58
BLR,,ALL,1996,68.61
BLR,,ALL,1997,68.57
BLR,,ALL,1998,68.55
BLR,,ALL,1999,67.99
BLR,,ALL,2000,68.99
BLR,,ALL,2001,68.53
BLR,,ALL,2002,68.01
BLR,,ALL,2003,68.53
BLR,,ALL,2004,68.97
BLR,,ALL,2005,68.84
BLR,,ALL,2007,70.38
BLR,,ALL,2008,70.58
BLR,,ALL,2009,70.62
BLR,,ALL,2010,70.52
BLR,,ALL,2011,70.77
BLR,,ALL,2013,72.8
BLR,,ALL,2014,73.37
BLR,,ALL,2018,74.6
,CARINFONET,ALL,1981,67.22
,CARINFONET,ALL,1982,67.26
,CARINFONET,ALL,1985,67.6
,CARINFONET,ALL,1986,68.5
,CARINFONET,ALL,1987,68.5
,CARINFONET,ALL,1988,68.25
,CARINFONET,ALL,1989,68.77
,CARINFONET,ALL,1990,69.11
,CARINFONET,ALL,1991,68.67
,CARINFONET,ALL,1992,68.27
,CARINFONET,ALL,1993,66.44
,CARINFONET,ALL,1994,66.37
,CARINFONET,ALL,1995,66.52
,CARINFONET,ALL,1996,66.53
,CARINFONET,ALL,1997,67.35
,CARINFONET,ALL,1998,67.55
,CARINFONET,ALL,1999,68.72
,CARINFONET,ALL,2000,68.56
,CARINFONET,ALL,2001,68.99
,CARINFONET,ALL,2002,68.96
,CARINFONET,ALL,2003,69.14
,CARINFONET,ALL,2004,69.73
,CARINFONET,ALL,2005,69.33
,CARINFONET,ALL,2006,69.73
,CARINFONET,ALL,2007,70.11
,CARINFONET,ALL,2008,70.69
,CARINFONET,ALL,2009,71.51
,CARINFONET,ALL,2010,71.53
,CARINFONET,ALL,2011,71.71
,CARINFONET,ALL,2012,71.99
,CARINFONET,ALL,2013,72.47
,CARINFONET,ALL,2014,72.69
,CARINFONET,ALL,2015,72.96
,CARINFONET,ALL,2016,73.28
CHE,,ALL,1969,72.83
CHE,,ALL,1970,73.24
CHE,,ALL,1971,73.33
CHE,,ALL,1972,73.88
CHE,,ALL,1973,74.18
CHE,,ALL,1974,74.55
CHE,,ALL,1975,74.95
CHE,,ALL,1976,75.06
CHE,,ALL,1977,75.56
CHE,,ALL,1978,75.48
CHE,,ALL,1979,75.8
CHE,,ALL,1980,75.77
CHE,,ALL,1981,76
CHE,,ALL,1982,76.36
CHE,,ALL,1983,76.32
CHE,,ALL,1984,76.97
CHE,,ALL,1985,77.09
CHE,,ALL,1986,77.27
CHE,,ALL,1987,77.61
CHE,,ALL,1988,77.62
CHE,,ALL,1989,77.8
CHE,,ALL,1990,77.59
CHE,,ALL,1991,77.9
CHE,,ALL,1992,78.22
CHE,,ALL,1993,78.48
CHE,,ALL,1994,78.79
CHE,,ALL,1995,78.82
CHE,,ALL,1996,79.31
CHE,,ALL,1997,79.46
CHE,,ALL,1998,79.73
CHE,,ALL,1999,79.98
CHE,,ALL,2000,80.11
CHE,,ALL,2001,80.51
CHE,,ALL,2002,80.85
CHE,,ALL,2003,80.81
CHE,,ALL,2004,81.44
CHE,,ALL,2005,81.57
CHE,,ALL,2006,81.97
CHE,,ALL,2007,82.16
CHE,,ALL,2008,82.45
CHE,,ALL,2009,82.49
CHE,,ALL,2010,82.82
CHE,,ALL,2011,83
CHE,,ALL,2012,82.98
CHE,,ALL,2013,83.08
CHE,,ALL,2015,83.18
CHE,,ALL,2016,83.88
CHE,,ALL,2017,83.82
CHE,,ALL,2018,84.01
CHE,,ALL,2019,84.21
,CIS,ALL,1981,68.3
,CIS,ALL,1982,68.7
,CIS,ALL,1985,68.66
,CIS,ALL,1986,70.1
,CIS,ALL,1987,70.06
,CIS,ALL,1988,69.7
,CIS,ALL,1989,69.87
,CIS,ALL,1990,69.64
,CIS,ALL,1991,69.22
,CIS,ALL,1992,68.37
,CIS,ALL,1993,66.35
,CIS,ALL,1994,65.6
,CIS,ALL,1995,65.86
,CIS,ALL,1996,66.62
,CIS,ALL,1997,67.41
,CIS,ALL,1998,67.84
,CIS,ALL,1999,67.33
,CIS,ALL,2000,67
,CIS,ALL,2001,67.1
,CIS,ALL,2002,66.86
,CIS,ALL,2003,66.82
,CIS,ALL,2004,67.19
,CIS,ALL,2005,67.05
,CIS,ALL,2006,68
,CIS,ALL,2007,68.57
,CIS,ALL,2008,68.98
,CIS,ALL,2009,69.84
,CIS,ALL,2010,70.09
,CIS,ALL,2011,70.81
,CIS,ALL,2012,71.16
,CIS,ALL,2013,71.6
,CIS,ALL,2014,71.83
,CIS,ALL,2015,72.21
CYP,,ALL,1999,78.15
CYP,,ALL,2000,77.89
CYP,,ALL,2001,79.35
CYP,,ALL,2002,77.3
CYP,,ALL,2003,79.66
CYP,,ALL,2004,79.83
CYP,,ALL,2005,79.23
CYP,,ALL,2006,80.65
CYP,,ALL,2007,80.48
CYP,,ALL,2008,81.17
CYP,,ALL,2009,81.59
CYP,,ALL,2010,82.2
CYP,,ALL,2011,81.92
CYP,,ALL,2012,81.77
CYP,,ALL,2013,82.55
CYP,,ALL,2014,82.39
CYP,,ALL,2015,81.67
CYP,,ALL,2016,82.74
CYP,,ALL,2017,82.1
CYP,,ALL,2018,82.72
CYP,,ALL,2019,82.25
CYP,,ALL,2020,82.35
CYP,,ALL,2021,81.39
CZE,,ALL,1971,69.67
CZE,,ALL,1972,70.36
CZE,,ALL,1973,69.99
CZE,,ALL,1974,70.07
CZE,,ALL,1975,70.39
CZE,,ALL,1976,70.52
CZE,,ALL,1977,70.55
CZE,,ALL,1978,70.64
CZE,,ALL,1979,70.74
CZE,,ALL,1980,70.3
CZE,,ALL,1981,70.65
CZE,,ALL,1982,70.75
CZE,,ALL,1983,70.55
CZE,,ALL,1984,70.66
CZE,,ALL,1986,71.14
CZE,,ALL,1987,71.58
CZE,,ALL,1988,71.78
CZE,,ALL,1989,71.8
CZE,,ALL,1990,71.52
CZE,,ALL,1991,72.06
CZE,,ALL,1992,72.43
CZE,,ALL,1993,72.94
CZE,,ALL,1994,73.15
CZE,,ALL,1995,73.3
CZE,,ALL,1996,74.02
CZE,,ALL,1997,74.13
CZE,,ALL,1998,74.74
CZE,,ALL,1999,74.94
CZE,,ALL,2000,75.21
CZE,,ALL,2001,75.49
CZE,,ALL,2002,75.51
CZE,,ALL,2003,75.4
CZE,,ALL,2004,75.96
CZE,,ALL,2005,76.18
CZE,,ALL,2006,76.82
CZE,,ALL,2007,77.1
CZE,,ALL,2008,77.42
CZE,,ALL,2009,77.5
CZE,,ALL,2010,77.81
CZE,,ALL,2011,78.06
CZE,,ALL,2012,78.24
CZE,,ALL,2013,78.4
CZE,,ALL,2014,79.02
CZE,,ALL,2015,78.77
CZE,,ALL,2016,79.25
CZE,,ALL,2017,79.16
CZE,,ALL,2018,79.21
CZE,,ALL,2019,79.45
CZE,,ALL,2020,78.37
CZE,,ALL,2021,77.28
DEU,,ALL,1990,75.53
DEU,,ALL,1991,75.72
DEU,,ALL,1992,76.21
DEU,,ALL,1993,76.26
DEU,,ALL,1994,76.59
DEU,,ALL,1995,76.83
DEU,,ALL,1996,77.09
DEU,,ALL,1997,77.52
DEU,,ALL,1998,77.83
DEU,,ALL,1999,78.09
DEU,,ALL,2000,78.41
DEU,,ALL,2001,78.75
DEU,,ALL,2002,78.75
DEU,,ALL,2003,78.72
DEU,,ALL,2004,79.36
DEU,,ALL,2005,79.54
DEU,,ALL,2006,79.99
DEU,,ALL,2007,80.21
DEU,,ALL,2008,80.29
DEU,,ALL,2009,80.41
DEU,,ALL,2010,80.63
DEU,,ALL,2011,80.95
DEU,,ALL,2012,81.08
DEU,,ALL,2013,80.71
DEU,,ALL,2014,81.26
DEU,,ALL,2015,80.85
DEU,,ALL,2016,81.17
DEU,,ALL,2017,81.2
DEU,,ALL,2019,81.46
DEU,,ALL,2020,81.24
DNK,,ALL,1969,73.34
DNK,,ALL,1970,73.51
DNK,,ALL,1971,73.51
DNK,,ALL,1972,73.51
DNK,,ALL,1973,73.82
DNK,,ALL,1974,74.04
DNK,,ALL,1975,74.27
DNK,,ALL,1976,73.92
DNK,,ALL,1977,74.93
DNK,,ALL,1978,74.67
DNK,,ALL,1979,74.45
DNK,,ALL,1980,74.23
DNK,,ALL,1981,74.46
DNK,,ALL,1982,74.84
DNK,,ALL,1983,74.67
DNK,,ALL,1984,74.85
DNK,,ALL,1985,74.71
DNK,,ALL,1986,74.91
DNK,,ALL,1987,75.01
DNK,,ALL,1988,75.1
DNK,,ALL,1989,75.12
DNK,,ALL,1990,75.11
DNK,,ALL,1991,75.47
DNK,,ALL,1992,75.48
DNK,,ALL,1993,75.37
DNK,,ALL,1994,75.56
DNK,,ALL,1995,75.47
DNK,,ALL,1996,75.88
DNK,,ALL,1997,76.27
DNK,,ALL,1998,76.74
DNK,,ALL,1999,76.53
DNK,,ALL,2000,77.21
DNK,,ALL,2001,77.3
DNK,,ALL,2002,77.27
DNK,,ALL,2003,77.58
DNK,,ALL,2004,77.98
DNK,,ALL,2005,78.44
DNK,,ALL,2006,78.5
DNK,,ALL,2007,78.61
DNK,,ALL,2008,78.98
DNK,,ALL,2009,79.2
DNK,,ALL,2010,79.52
DNK,,ALL,2011,80.07
DNK,,ALL,2012,80.39
DNK,,ALL,2013,80.56
DNK,,ALL,2014,80.99
DNK,,ALL,2015,81.03
DNK,,ALL,2016,81.17
DNK,,ALL,2017,81.38
DNK,,ALL,2018,81.23
DNK,,ALL,2019,81.76
DNK,,ALL,2020,81.85
DNK,,ALL,2021,82.57
ESP,,ALL,1968,72.23
ESP,,ALL,1969,71.84
ESP,,ALL,1970,72.88
ESP,,ALL,1971,72.42
ESP,,ALL,1972,73.58
ESP,,ALL,1973,73.2
ESP,,ALL,1974,73.51
ESP,,ALL,1975,73.26
ESP,,ALL,1976,73.81
ESP,,ALL,1977,74.25
ESP,,ALL,1978,74.39
ESP,,ALL,1979,74.97
ESP,,ALL,1980,75.6
ESP,,ALL,1981,75.76
ESP,,ALL,1982,76.39
ESP,,ALL,1983,76.16
ESP,,ALL,1984,76.58
ESP,,ALL,1985,76.48
ESP,,ALL,1986,76.74
ESP,,ALL,1987,77.01
ESP,,ALL,1988,76.98
ESP,,ALL,1989,77.02
ESP,,ALL,1990,77
ESP,,ALL,1991,77.09
ESP,,ALL,1992,77.61
ESP,,ALL,1993,77.74
ESP,,ALL,1994,78.07
ESP,,ALL,1995,78.1
ESP,,ALL,1996,78.21
ESP,,ALL,1997,78.71
ESP,,ALL,1998,78.73
ESP,,ALL,1999,78.79
ESP,,ALL,2000,79.48
ESP,,ALL,2001,79.8
ESP,,ALL,2002,79.88
ESP,,ALL,2003,79.78
ESP,,ALL,2004,80.46
ESP,,ALL,2005,80.44
ESP,,ALL,2006,81.21
ESP,,ALL,2007,81.19
ESP,,ALL,2008,81.52
ESP,,ALL,2009,81.91
ESP,,ALL,2010,82.32
ESP,,ALL,2011,82.45
ESP,,ALL,2012,82.56
ESP,,ALL,2013,83.22
ESP,,ALL,2014,83.35
ESP,,ALL,2015,82.97
ESP,,ALL,2016,83.49
ESP,,ALL,2017,83.38
ESP,,ALL,2018,83.49
ESP,,ALL,2019,83.96
ESP,,ALL,2020,82.44
ESP,,ALL,2021,83.41
EST,,ALL,1981,69.26
EST,,ALL,1982,69.73
EST,,ALL,1985,69.65
EST,,ALL,1986,70.87
EST,,ALL,1987,70.93
EST,,ALL,1988,71.01
EST,,ALL,1989,70.59
EST,,ALL,1990,69.94
EST,,ALL,1991,69.79
EST,,ALL,1992,69.19
EST,,ALL,1993,68.14
EST,,ALL,1994,66.76
EST,,ALL,1995,67.79
EST,,ALL,1996,70
EST,,ALL,1997,70.19
EST,,ALL,1998,69.79
EST,,ALL,1999,70.64
EST,,ALL,2000,71.3
EST,,ALL,2001,71.03
EST,,ALL,2002,71.52
EST,,ALL,2003,72.02
EST,,ALL,2004,72.5
EST,,ALL,2005,73.08
EST,,ALL,2006,73.28
EST,,ALL,2007,73.33
EST,,ALL,2008,74.44
EST,,ALL,2009,75.38
EST,,ALL,2010,76.11
EST,,ALL,2011,76.69
EST,,ALL,2012,76.75
EST,,ALL,2013,77.43
EST,,ALL,2014,77.47
EST,,ALL,2015,78.02
EST,,ALL,2016,78.12
,EU_AFTER_MAY2004,ALL,1970,69.8
,EU_AFTER_MAY2004,ALL,1971,69.88
,EU_AFTER_MAY2004,ALL,1974,70.8
,EU_AFTER_MAY2004,ALL,1975,70.56
,EU_AFTER_MAY2004,ALL,1976,70.6
,EU_AFTER_MAY2004,ALL,1977,70.43
,EU_AFTER_MAY2004,ALL,1978,70.47
,EU_AFTER_MAY2004,ALL,1979,70.57
,EU_AFTER_MAY2004,ALL,1980,70.14
,EU_AFTER_MAY2004,ALL,1981,70.63
,EU_AFTER_MAY2004,ALL,1982,70.73
,EU_AFTER_MAY2004,ALL,1983,70.61
,EU_AFTER_MAY2004,ALL,1984,70.57
,EU_AFTER_MAY2004,ALL,1985,70.39
,EU_AFTER_MAY2004,ALL,1986,70.77
,EU_AFTER_MAY2004,ALL,1987,70.76
,EU_AFTER_MAY2004,ALL,1988,71.04
,EU_AFTER_MAY2004,ALL,1989,70.91
,EU_AFTER_MAY2004,ALL,1990,70.84
,EU_AFTER_MAY2004,ALL,1991,70.73
,EU_AFTER_MAY2004,ALL,1992,70.84
,EU_AFTER_MAY2004,ALL,1993,71
,EU_AFTER_MAY2004,ALL,1994,71.02
,EU_AFTER_MAY2004,ALL,1995,71.24
,EU_AFTER_MAY2004,ALL,1996,71.51
,EU_AFTER_MAY2004,ALL,1997,71.74
,EU_AFTER_MAY2004,ALL,1998,72.12
,EU_AFTER_MAY2004,ALL,1999,72.41
,EU_AFTER_MAY2004,ALL,2000,72.94
,EU_AFTER_MAY2004,ALL,2001,73.3
,EU_AFTER_MAY2004,ALL,2002,73.44
,EU_AFTER_MAY2004,ALL,2003,73.58
,EU_AFTER_MAY2004,ALL,2004,73.98
,EU_AFTER_MAY2004,ALL,2005,74.08
,EU_AFTER_MAY2004,ALL,2006,74.45
,EU_AFTER_MAY2004,ALL,2007,74.66
,EU_AFTER_MAY2004,ALL,2008,75.04
,EU_AFTER_MAY2004,ALL,2009,75.29
,EU_AFTER_MAY2004,ALL,2010,75.7
,EU_AFTER_MAY2004,ALL,2011,76.15
,EU_AFTER_MAY2004,ALL,2012,76.28
,EU_AFTER_MAY2004,ALL,2013,76.62
,EU_AFTER_MAY2004,ALL,2014,77
,EU_AFTER_MAY2004,ALL,2015,76.88
,EU_AFTER_MAY2004,ALL,2016,77.27
,EU_AFTER_MAY2004,ALL,2017,77.2
,EU_AFTER_MAY2004,ALL,2018,77.27
,EU_AFTER_MAY2004,ALL,2019,77.52
,EU_AFTER_MAY2004,ALL,2020,76.63
,EU_AFTER_MAY2004,ALL,2021,75.73
,EU_BEFORE_FEB2020,ALL,1969,71.81
,EU_BEFORE_FEB2020,ALL,1970,72.22
,EU_BEFORE_FEB2020,ALL,1971,72.3
,EU_BEFORE_FEB2020,ALL,1972,72.57
,EU_BEFORE_FEB2020,ALL,1973,72.59
,EU_BEFORE_FEB2020,ALL,1974,72.92
,EU_BEFORE_FEB2020,ALL,1975,72.87
,EU_BEFORE_FEB2020,ALL,1976,73.02
,EU_BEFORE_FEB2020,ALL,1977,73.28
,EU_BEFORE_FEB2020,ALL,1978,73.36
,EU_BEFORE_FEB2020,ALL,1979,73.57
,EU_BEFORE_FEB2020,ALL,1980,73.61
,EU_BEFORE_FEB2020,ALL,1981,73.93
,EU_BEFORE_FEB2020,ALL,1982,74.12
,EU_BEFORE_FEB2020,ALL,1983,74.06
,EU_BEFORE_FEB2020,ALL,1984,74.35
,EU_BEFORE_FEB2020,ALL,1985,74.3
,EU_BEFORE_FEB2020,ALL,1986,74.52
,EU_BEFORE_FEB2020,ALL,1987,74.82
,EU_BEFORE_FEB2020,ALL,1988,74.97
,EU_BEFORE_FEB2020,ALL,1989,75.05
,EU_BEFORE_FEB2020,ALL,1990,75.16
,EU_BEFORE_FEB2020,ALL,1991,75.24
,EU_BEFORE_FEB2020,ALL,1992,75.55
,EU_BEFORE_FEB2020,ALL,1993,75.61
,EU_BEFORE_FEB2020,ALL,1994,75.95
,EU_BEFORE_FEB2020,ALL,1995,76.07
,EU_BEFORE_FEB2020,ALL,1996,76.32
,EU_BEFORE_FEB2020,ALL,1997,76.65
,EU_BEFORE_FEB2020,ALL,1998,76.81
,EU_BEFORE_FEB2020,ALL,1999,77.01
,EU_BEFORE_FEB2020,ALL,2000,77.44
,EU_BEFORE_FEB2020,ALL,2001,77.74
,EU_BEFORE_FEB2020,ALL,2002,77.87
,EU_BEFORE_FEB2020,ALL,2003,77.89
,EU_BEFORE_FEB2020,ALL,2004,78.53
,EU_BEFORE_FEB2020,ALL,2005,78.66
,EU_BEFORE_FEB2020,ALL,2006,79.16
,EU_BEFORE_FEB2020,ALL,2007,79.36
,EU_BEFORE_FEB2020,ALL,2008,79.58
,EU_BEFORE_FEB2020,ALL,2009,79.84
,EU_BEFORE_FEB2020,ALL,2010,80.16
,EU_BEFORE_FEB2020,ALL,2011,80.47
,EU_BEFORE_FEB2020,ALL,2012,80.52
,EU_BEFORE_FEB2020,ALL,2013,80.75
,EU_BEFORE_FEB2020,ALL,2014,81.15
,EU_BEFORE_FEB2020,ALL,2015,80.88
,EU_BEFORE_FEB2020,ALL,2016,81.2
,EU_BEFORE_FEB2020,ALL,2017,81.17
,EU_BEFORE_FEB2020,ALL,2019,81.55
,EU_BEFORE_FEB2020,ALL,2020,80.76
,EU_BEFORE_FEB2020,ALL,2021,80.68
,EU_BEFORE_MAY2004,ALL,1969,72.47
,EU_BEFORE_MAY2004,ALL,1970,72.93
,EU_BEFORE_MAY2004,ALL,1971,73.02
,EU_BEFORE_MAY2004,ALL,1972,73.2
,EU_BEFORE_MAY2004,ALL,1973,73.25
,EU_BEFORE_MAY2004,ALL,1974,73.56
,EU_BEFORE_MAY2004,ALL,1975,73.57
,EU_BEFORE_MAY2004,ALL,1976,73.74
,EU_BEFORE_MAY2004,ALL,1977,74.14
,EU_BEFORE_MAY2004,ALL,1978,74.23
,EU_BEFORE_MAY2004,ALL,1979,74.48
,EU_BEFORE_MAY2004,ALL,1980,74.66
,EU_BEFORE_MAY2004,ALL,1981,74.92
,EU_BEFORE_MAY2004,ALL,1982,75.14
,EU_BEFORE_MAY2004,ALL,1983,75.11
,EU_BEFORE_MAY2004,ALL,1984,75.5
,EU_BEFORE_MAY2004,ALL,1985,75.5
,EU_BEFORE_MAY2004,ALL,1986,75.67
,EU_BEFORE_MAY2004,ALL,1987,76.06
,EU_BEFORE_MAY2004,ALL,1988,76.18
,EU_BEFORE_MAY2004,ALL,1989,76.32
,EU_BEFORE_MAY2004,ALL,1990,76.48
,EU_BEFORE_MAY2004,ALL,1991,76.61
,EU_BEFORE_MAY2004,ALL,1992,76.98
,EU_BEFORE_MAY2004,ALL,1993,77
,EU_BEFORE_MAY2004,ALL,1994,77.42
,EU_BEFORE_MAY2004,ALL,1995,77.52
,EU_BEFORE_MAY2004,ALL,1996,77.75
,EU_BEFORE_MAY2004,ALL,1997,78.11
,EU_BEFORE_MAY2004,ALL,1998,78.19
,EU_BEFORE_MAY2004,ALL,1999,78.36
,EU_BEFORE_MAY2004,ALL,2000,78.75
,EU_BEFORE_MAY2004,ALL,2001,79.02
,EU_BEFORE_MAY2004,ALL,2002,79.13
,EU_BEFORE_MAY2004,ALL,2003,79.12
,EU_BEFORE_MAY2004,ALL,2004,79.81
,EU_BEFORE_MAY2004,ALL,2005,79.93
,EU_BEFORE_MAY2004,ALL,2006,80.46
,EU_BEFORE_MAY2004,ALL,2007,80.65
,EU_BEFORE_MAY2004,ALL,2008,80.82
,EU_BEFORE_MAY2004,ALL,2009,81.08
,EU_BEFORE_MAY2004,ALL,2010,81.36
,EU_BEFORE_MAY2004,ALL,2011,81.64
,EU_BEFORE_MAY2004,ALL,2012,81.64
,EU_BEFORE_MAY2004,ALL,2013,81.83
,EU_BEFORE_MAY2004,ALL,2014,82.23
,EU_BEFORE_MAY2004,ALL,2015,81.92
,EU_BEFORE_MAY2004,ALL,2016,82.21
,EU_BEFORE_MAY2004,ALL,2017,82.19
,EU_BEFORE_MAY2004,ALL,2019,82.58
,EU_BEFORE_MAY2004,ALL,2020,81.81
,EU_MEMBERS,ALL,1969,71.84
,EU_MEMBERS,ALL,1970,72.27
,EU_MEMBERS,ALL,1971,72.3
,EU_MEMBERS,ALL,1972,72.66
,EU_MEMBERS,ALL,1973,72.65
,EU_MEMBERS,ALL,1974,73.01
,EU_MEMBERS,ALL,1975,72.91
,EU_MEMBERS,ALL,1976,73.08
,EU_MEMBERS,ALL,1977,73.31
,EU_MEMBERS,ALL,1978,73.41
,EU_MEMBERS,ALL,1979,73.64
,EU_MEMBERS,ALL,1980,73.62
,EU_MEMBERS,ALL,1981,73.91
,EU_MEMBERS,ALL,1982,74.11
,EU_MEMBERS,ALL,1983,74.01
,EU_MEMBERS,ALL,1984,74.29
,EU_MEMBERS,ALL,1985,74.26
,EU_MEMBERS,ALL,1986,74.47
,EU_MEMBERS,ALL,1987,74.74
,EU_MEMBERS,ALL,1988,74.91
,EU_MEMBERS,ALL,1989,74.98
,EU_MEMBERS,ALL,1990,75.05
,EU_MEMBERS,ALL,1991,75.11
,EU_MEMBERS,ALL,1992,75.41
,EU_MEMBERS,ALL,1993,75.51
,EU_MEMBERS,ALL,1994,75.8
,EU_MEMBERS,ALL,1995,75.97
,EU_MEMBERS,ALL,1996,76.21
,EU_MEMBERS,ALL,1997,76.55
,EU_MEMBERS,ALL,1998,76.71
,EU_MEMBERS,ALL,1999,76.93
,EU_MEMBERS,ALL,2000,77.35
,EU_MEMBERS,ALL,2001,77.66
,EU_MEMBERS,ALL,2002,77.8
,EU_MEMBERS,ALL,2003,77.82
,EU_MEMBERS,ALL,2004,78.46
,EU_MEMBERS,ALL,2005,78.57
,EU_MEMBERS,ALL,2006,79.09
,EU_MEMBERS,ALL,2007,79.29
,EU_MEMBERS,ALL,2008,79.53
,EU_MEMBERS,ALL,2009,79.74
,EU_MEMBERS,ALL,2010,80.07
,EU_MEMBERS,ALL,2011,80.37
,EU_MEMBERS,ALL,2012,80.43
,EU_MEMBERS,ALL,2013,80.69
,EU_MEMBERS,ALL,2014,81.1
,EU_MEMBERS,ALL,2015,80.84
,EU_MEMBERS,ALL,2016,81.18
,EU_MEMBERS,ALL,2017,81.13
,EU_MEMBERS,ALL,2019,81.52
,EU_MEMBERS,ALL,2020,80.79
,EU_MEMBERS,ALL,2021,80.71
FIN,,ALL,1969,69.65
FIN,,ALL,1970,70.4
FIN,,ALL,1971,70.19
FIN,,ALL,1972,70.91
FIN,,ALL,1973,71.45
FIN,,ALL,1974,71.39
FIN,,ALL,1975,71.93
FIN,,ALL,1976,72.11
FIN,,ALL,1977,72.58
FIN,,ALL,1978,73.16
FIN,,ALL,1979,73.46
FIN,,ALL,1980,73.73
FIN,,ALL,1981,74.06
FIN,,ALL,1982,74.67
FIN,,ALL,1983,74.55
FIN,,ALL,1984,74.91
FIN,,ALL,1985,74.48
FIN,,ALL,1986,74.87
FIN,,ALL,1987,74.95
FIN,,ALL,1988,74.91
FIN,,ALL,1989,75.1
FIN,,ALL,1990,75.12
FIN,,ALL,1991,75.56
FIN,,ALL,1992,75.8
FIN,,ALL,1993,75.99
FIN,,ALL,1994,76.79
FIN,,ALL,1995,76.75
FIN,,ALL,1996,77.05
FIN,,ALL,1997,77.24
FIN,,ALL,1998,77.47
FIN,,ALL,1999,77.63
FIN,,ALL,2000,77.87
FIN,,ALL,2001,78.35
FIN,,ALL,2002,78.46
FIN,,ALL,2003,78.71
FIN,,ALL,2004,78.98
FIN,,ALL,2005,79.35
FIN,,ALL,2006,79.67
FIN,,ALL,2007,79.7
FIN,,ALL,2008,80.03
FIN,,ALL,2009,80.18
FIN,,ALL,2010,80.34
FIN,,ALL,2011,80.76
FIN,,ALL,2012,80.83
FIN,,ALL,2013,81.24
FIN,,ALL,2014,81.35
FIN,,ALL,2016,81.62
FIN,,ALL,2017,81.86
FIN,,ALL,2018,81.93
FIN,,ALL,2019,82.22
FIN,,ALL,2020,82.14
FIN,,ALL,2021,82.08
FRA,,ALL,1968,72
FRA,,ALL,1969,72
FRA,,ALL,1970,72.93
FRA,,ALL,1971,72.88
FRA,,ALL,1972,73.1
FRA,,ALL,1973,73.39
FRA,,ALL,1974,73.53
FRA,,ALL,1975,73.48
FRA,,ALL,1976,73.75
FRA,,ALL,1977,74.39
FRA,,ALL,1978,74.48
FRA,,ALL,1979,74.79
FRA,,ALL,1980,74.91
FRA,,ALL,1981,75.03
FRA,,ALL,1982,75.41
FRA,,ALL,1983,75.34
FRA,,ALL,1984,75.9
FRA,,ALL,1985,75.99
FRA,,ALL,1986,75.92
FRA,,ALL,1987,76.88
FRA,,ALL,1988,77.15
FRA,,ALL,1989,77.3
FRA,,ALL,1990,77.62
FRA,,ALL,1991,77.78
FRA,,ALL,1992,78.08
FRA,,ALL,1993,78.1
FRA,,ALL,1994,78.61
FRA,,ALL,1995,78.71
FRA,,ALL,1996,78.86
FRA,,ALL,1997,79.24
FRA,,ALL,1998,78.88
FRA,,ALL,1999,79.02
FRA,,ALL,2000,79.34
FRA,,ALL,2001,79.43
FRA,,ALL,2002,79.54
FRA,,ALL,2003,79.44
FRA,,ALL,2004,80.5
FRA,,ALL,2005,80.48
FRA,,ALL,2006,81.16
FRA,,ALL,2007,81.46
FRA,,ALL,2008,81.56
FRA,,ALL,2009,81.75
FRA,,ALL,2010,81.97
FRA,,ALL,2011,82.41
FRA,,ALL,2012,82.32
FRA,,ALL,2013,82.61
FRA,,ALL,2014,83.14
FRA,,ALL,2017,82.95
FRA,,ALL,2018,83.12
GBR,,ALL,1968,71.66
GBR,,ALL,1969,71.62
GBR,,ALL,1970,71.87
GBR,,ALL,1971,72.27
GBR,,ALL,1972,71.96
GBR,,ALL,1973,72.13
GBR,,ALL,1974,72.33
GBR,,ALL,1975,72.62
GBR,,ALL,1976,72.6
GBR,,ALL,1977,73.1
GBR,,ALL,1978,73.04
GBR,,ALL,1979,73.12
GBR,,ALL,1980,73.58
GBR,,ALL,1981,74.07
GBR,,ALL,1982,74.15
GBR,,ALL,1983,74.39
GBR,,ALL,1984,74.79
GBR,,ALL,1985,74.65
GBR,,ALL,1986,74.93
GBR,,ALL,1987,75.37
GBR,,ALL,1988,75.44
GBR,,ALL,1989,75.56
GBR,,ALL,1990,75.96
GBR,,ALL,1991,76.15
GBR,,ALL,1992,76.57
GBR,,ALL,1993,76.38
GBR,,ALL,1994,76.97
GBR,,ALL,1995,76.87
GBR,,ALL,1996,77.15
GBR,,ALL,1997,77.41
GBR,,ALL,1998,77.54
GBR,,ALL,1999,77.62
GBR,,ALL,2000,78.06
GBR,,ALL,2001,78.26
GBR,,ALL,2002,78.38
GBR,,ALL,2003,78.44
GBR,,ALL,2004,79.03
GBR,,ALL,2005,79.28
GBR,,ALL,2006,79.66
GBR,,ALL,2007,79.86
GBR,,ALL,2008,79.97
GBR,,ALL,2009,80.54
GBR,,ALL,2010,80.78
GBR,,ALL,2011,81.21
GBR,,ALL,2012,81.12
GBR,,ALL,2013,81.16
GBR,,ALL,2014,81.47
GBR,,ALL,2015,81.11
GBR,,ALL,2016,81.31
GBR,,ALL,2017,81.42
GBR,,ALL,2018,81.08
GBR,,ALL,2019,81.79
GBR,,ALL,2020,80.52
GEO,,ALL,1981,71.23
GEO,,ALL,1982,71.86
GEO,,ALL,1985,71.74
GEO,,ALL,1986,71.84
GEO,,ALL,1987,72.03
GEO,,ALL,1988,71.91
GEO,,ALL,1989,72.21
GEO,,ALL,1990,72.99
GEO,,ALL,1991,73.06
GEO,,ALL,1992,72.93
GEO,,ALL,1995,74.22
GEO,,ALL,1996,75.15
GEO,,ALL,1997,74.17
GEO,,ALL,1998,73.9
GEO,,ALL,1999,73.84
GEO,,ALL,2000,74
GEO,,ALL,2001,74.61
GEO,,ALL,2002,71.5
GEO,,ALL,2003,72
GEO,,ALL,2004,71.8
GEO,,ALL,2005,74.09
GEO,,ALL,2006,74.42
GEO,,ALL,2007,75.24
GEO,,ALL,2009,73.77
GEO,,ALL,2010,74.74
GEO,,ALL,2011,74.56
GEO,,ALL,2012,74.55
GEO,,ALL,2013,75.36
GEO,,ALL,2014,73.08
GEO,,ALL,2015,73.04
GEO,,ALL,2016,72.76
GEO,,ALL,2017,73.56
GEO,,ALL,2018,74
GEO,,ALL,2019,74.09
GEO,,ALL,2020,73.36
GEO,,ALL,2021,71.44
GRC,,ALL,1968,72.6
GRC,,ALL,1969,73
GRC,,ALL,1970,73.81
GRC,,ALL,1971,74.09
GRC,,ALL,1972,73.99
GRC,,ALL,1973,74.27
GRC,,ALL,1974,74.76
GRC,,ALL,1975,74.49
GRC,,ALL,1976,74.62
GRC,,ALL,1977,74.73
GRC,,ALL,1978,75.27
GRC,,ALL,1979,75.52
GRC,,ALL,1980,75.38
GRC,,ALL,1981,75.76
GRC,,ALL,1982,76
GRC,,ALL,1983,75.8
GRC,,ALL,1984,76.25
GRC,,ALL,1985,75.99
GRC,,ALL,1986,76.51
GRC,,ALL,1987,76.25
GRC,,ALL,1988,76.85
GRC,,ALL,1989,77.03
GRC,,ALL,1990,77.19
GRC,,ALL,1991,77.32
GRC,,ALL,1992,77.29
GRC,,ALL,1993,77.57
GRC,,ALL,1994,77.73
GRC,,ALL,1995,77.67
GRC,,ALL,1996,77.79
GRC,,ALL,1997,78.12
GRC,,ALL,1998,78.04
GRC,,ALL,1999,78.12
GRC,,ALL,2000,78.23
GRC,,ALL,2001,78.62
GRC,,ALL,2002,78.8
GRC,,ALL,2003,78.93
GRC,,ALL,2004,79.04
GRC,,ALL,2005,79.32
GRC,,ALL,2006,79.79
GRC,,ALL,2007,79.55
GRC,,ALL,2008,80.13
GRC,,ALL,2009,80.34
GRC,,ALL,2010,80.69
GRC,,ALL,2011,80.9
GRC,,ALL,2012,80.82
GRC,,ALL,2014,81.56
GRC,,ALL,2015,81.1
GRC,,ALL,2016,81.51
GRC,,ALL,2017,81.44
GRC,,ALL,2018,81.94
GRC,,ALL,2019,81.76
GRC,,ALL,2020,81.46
HRV,,ALL,1985,71.46
HRV,,ALL,1986,71.77
HRV,,ALL,1987,71.61
HRV,,ALL,1988,71.89
HRV,,ALL,1989,72.29
HRV,,ALL,1990,72.56
HRV,,ALL,1991,71
HRV,,ALL,1992,71.78
HRV,,ALL,1993,72.65
HRV,,ALL,1994,73.16
HRV,,ALL,1995,73.3
HRV,,ALL,1996,72.69
HRV,,ALL,1997,72.62
HRV,,ALL,1998,72.49
HRV,,ALL,1999,72.82
HRV,,ALL,2000,72.99
HRV,,ALL,2001,74.65
HRV,,ALL,2002,74.84
HRV,,ALL,2003,74.73
HRV,,ALL,2004,75.65
HRV,,ALL,2005,75.44
HRV,,ALL,2006,76.01
HRV,,ALL,2007,75.89
HRV,,ALL,2008,76.14
HRV,,ALL,2009,76.42
HRV,,ALL,2010,76.86
HRV,,ALL,2011,77.26
HRV,,ALL,2012,77.38
HRV,,ALL,2013,77.85
HRV,,ALL,2014,78
HRV,,ALL,2015,77.52
HRV,,ALL,2016,78.27
HRV,,ALL,2017,78.05
HRV,,ALL,2019,78.63
HRV,,ALL,2020,77.89
HRV,,ALL,2021,76.63
HUN,,ALL,1969,69.47
HUN,,ALL,1970,69.3
HUN,,ALL,1971,69.18
HUN,,ALL,1972,69.83
HUN,,ALL,1973,69.66
HUN,,ALL,1974,69.58
HUN,,ALL,1975,69.48
HUN,,ALL,1976,69.65
HUN,,ALL,1977,69.92
HUN,,ALL,1978,69.41
HUN,,ALL,1979,69.64
HUN,,ALL,1980,69.11
HUN,,ALL,1981,69.23
HUN,,ALL,1982,69.41
HUN,,ALL,1983,69.01
HUN,,ALL,1984,69.11
HUN,,ALL,1985,69.15
HUN,,ALL,1986,69.31
HUN,,ALL,1987,69.77
HUN,,ALL,1988,70.16
HUN,,ALL,1989,69.66
HUN,,ALL,1990,69.45
HUN,,ALL,1991,69.5
HUN,,ALL,1992,69.17
HUN,,ALL,1993,69.17
HUN,,ALL,1994,69.64
HUN,,ALL,1995,70.05
HUN,,ALL,1996,70.65
HUN,,ALL,1997,71.06
HUN,,ALL,1998,70.97
HUN,,ALL,1999,70.75
HUN,,ALL,2000,71.49
HUN,,ALL,2001,72.56
HUN,,ALL,2002,72.64
HUN,,ALL,2003,72.59
HUN,,ALL,2004,73.03
HUN,,ALL,2005,73.01
HUN,,ALL,2006,73.57
HUN,,ALL,2007,73.65
HUN,,ALL,2008,74.23
HUN,,ALL,2009,74.45
HUN,,ALL,2010,74.78
HUN,,ALL,2011,75.15
HUN,,ALL,2012,75.33
HUN,,ALL,2013,75.81
HUN,,ALL,2014,76.02
HUN,,ALL,2015,76.01
HUN,,ALL,2016,76.33
HUN,,ALL,2017,76.12
HUN,,ALL,2018,76.31
HUN,,ALL,2019,76.58
IRL,,ALL,1968,70.78
IRL,,ALL,1969,70.69
IRL,,ALL,1970,70.74
IRL,,ALL,1971,71.6
IRL,,ALL,1972,70.88
IRL,,ALL,1973,71.09
IRL,,ALL,1974,70.96
IRL,,ALL,1975,71.53
IRL,,ALL,1976,71.78
IRL,,ALL,1977,71.92
IRL,,ALL,1978,71.87
IRL,,ALL,1979,72.11
IRL,,ALL,1980,72.45
IRL,,ALL,1981,72.83
IRL,,ALL,1982,73.07
IRL,,ALL,1983,73.03
IRL,,ALL,1984,73.63
IRL,,ALL,1985,73.53
IRL,,ALL,1986,73.53
IRL,,ALL,1987,74.4
IRL,,ALL,1988,74.33
IRL,,ALL,1989,74.4
IRL,,ALL,1990,74.81
IRL,,ALL,1991,75.03
IRL,,ALL,1992,75.45
IRL,,ALL,1993,75.33
IRL,,ALL,1994,75.78
IRL,,ALL,1995,75.48
IRL,,ALL,1996,75.88
IRL,,ALL,1997,76.03
IRL,,ALL,1998,76.24
IRL,,ALL,1999,76.11
IRL,,ALL,2000,76.6
IRL,,ALL,2001,77.23
IRL,,ALL,2002,77.75
IRL,,ALL,2003,78.28
IRL,,ALL,2004,78.69
IRL,,ALL,2005,79.2
IRL,,ALL,2006,79.4
IRL,,ALL,2007,79.77
IRL,,ALL,2008,79.98
IRL,,ALL,2009,79.98
IRL,,ALL,2010,80.8
IRL,,ALL,2011,80.86
IRL,,ALL,2012,80.93
IRL,,ALL,2013,81.12
IRL,,ALL,2015,81.58
IRL,,ALL,2018,82.25
ISL,,ALL,1971,73.73
ISL,,ALL,1972,74.64
ISL,,ALL,1973,74.49
ISL,,ALL,1974,74.58
ISL,,ALL,1975,75.51
ISL,,ALL,1976,77.03
ISL,,ALL,1977,76.55
ISL,,ALL,1978,76.86
ISL,,ALL,1979,76.91
ISL,,ALL,1980,76.93
ISL,,ALL,1981,76.49
ISL,,ALL,1982,77.21
ISL,,ALL,1983,76.85
ISL,,ALL,1984,77.7
ISL,,ALL,1985,77.7
ISL,,ALL,1986,78.05
ISL,,ALL,1987,77.45
ISL,,ALL,1988,77.2
ISL,,ALL,1989,78.28
ISL,,ALL,1990,78.22
ISL,,ALL,1991,78.06
ISL,,ALL,1992,78.87
ISL,,ALL,1993,79.07
ISL,,ALL,1994,79.35
ISL,,ALL,1995,78.03
ISL,,ALL,1996,78.93
ISL,,ALL,1997,78.97
ISL,,ALL,1998,79.76
ISL,,ALL,1999,79.47
ISL,,ALL,2000,79.81
ISL,,ALL,2001,80.85
ISL,,ALL,2002,80.62
ISL,,ALL,2003,81.17
ISL,,ALL,2004,81.18
ISL,,ALL,2005,81.61
ISL,,ALL,2006,81.32
ISL,,ALL,2007,81.6
ISL,,ALL,2008,81.74
ISL,,ALL,2009,81.93
ISL,,ALL,2010,82.02
ISL,,ALL,2011,82.54
ISL,,ALL,2012,83.12
ISL,,ALL,2013,82.24
ISL,,ALL,2014,83.04
ISL,,ALL,2015,82.66
ISL,,ALL,2016,82.37
ISL,,ALL,2017,82.81
ISL,,ALL,2018,82.98
ISL,,ALL,2019,83.28
ISL,,ALL,2020,83.25
ISL,,ALL,2021,83.32
ISR,,ALL,1970,71.63
ISR,,ALL,1971,72.2
ISR,,ALL,1972,71.93
ISR,,ALL,1973,72.33
ISR,,ALL,1974,72.11
ISR,,ALL,1975,72.23
ISR,,ALL,1976,73.13
ISR,,ALL,1977,73.11
ISR,,ALL,1978,73.34
ISR,,ALL,1979,73.69
ISR,,ALL,1980,73.99
ISR,,ALL,1981,74.49
ISR,,ALL,1982,74.28
ISR,,ALL,1983,74.82
ISR,,ALL,1984,75.02
ISR,,ALL,1985,75.37
ISR,,ALL,1986,75.21
ISR,,ALL,1987,75.5
ISR,,ALL,1988,75.82
ISR,,ALL,1989,76.38
ISR,,ALL,1990,76.83
ISR,,ALL,1991,76.82
ISR,,ALL,1992,76.66
ISR,,ALL,1993,77.27
ISR,,ALL,1994,77.57
ISR,,ALL,1995,77.5
ISR,,ALL,1996,78.42
ISR,,ALL,1997,78.3
ISR,,ALL,1998,78.46
ISR,,ALL,1999,78.75
ISR,,ALL,2000,78.98
ISR,,ALL,2001,79.43
ISR,,ALL,2002,79.39
ISR,,ALL,2003,79.72
ISR,,ALL,2004,80.19
ISR,,ALL,2005,80.22
ISR,,ALL,2006,80.68
ISR,,ALL,2007,80.7
ISR,,ALL,2008,81.24
ISR,,ALL,2009,82.07
ISR,,ALL,2010,82.23
ISR,,ALL,2011,82.33
ISR,,ALL,2012,82.27
ISR,,ALL,2013,82.67
ISR,,ALL,2014,82.79
ISR,,ALL,2015,82.58
ISR,,ALL,2016,82.95
ISR,,ALL,2017,83.12
ISR,,ALL,2018,83.44
ISR,,ALL,2019,83.37
ISR,,ALL,2020,83.07
ISR,,ALL,2021,88.5
ITA,,ALL,1968,70.79
ITA,,ALL,1969,70.82
ITA,,ALL,1970,71.62
ITA,,ALL,1971,71.89
ITA,,ALL,1972,72.08
ITA,,ALL,1973,71.92
ITA,,ALL,1974,72.99
ITA,,ALL,1975,72.9
ITA,,ALL,1976,73.31
ITA,,ALL,1977,73.64
ITA,,ALL,1978,74.03
ITA,,ALL,1979,74.37
ITA,,ALL,1980,74.38
ITA,,ALL,1981,74.9
ITA,,ALL,1982,75
ITA,,ALL,1983,74.75
ITA,,ALL,1984,75.56
ITA,,ALL,1985,75.69
ITA,,ALL,1986,76.04
ITA,,ALL,1987,76.51
ITA,,ALL,1988,76.68
ITA,,ALL,1989,77.1
ITA,,ALL,1990,77.2
ITA,,ALL,1991,77.17
ITA,,ALL,1992,77.46
ITA,,ALL,1993,77.7
ITA,,ALL,1994,77.92
ITA,,ALL,1995,78.17
ITA,,ALL,1996,78.56
ITA,,ALL,1997,78.84
ITA,,ALL,1998,78.94
ITA,,ALL,1999,79.34
ITA,,ALL,2000,79.74
ITA,,ALL,2001,80.09
ITA,,ALL,2002,80.38
ITA,,ALL,2003,80.17
ITA,,ALL,2004,80.97
ITA,,ALL,2005,80.9
ITA,,ALL,2006,81.58
ITA,,ALL,2007,81.69
ITA,,ALL,2008,81.9
ITA,,ALL,2009,82.07
ITA,,ALL,2010,82.5
ITA,,ALL,2011,82.41
ITA,,ALL,2012,82.39
ITA,,ALL,2013,82.92
ITA,,ALL,2014,83.29
ITA,,ALL,2015,82.76
ITA,,ALL,2016,83.41
ITA,,ALL,2017,83.11
ITA,,ALL,2018,83.44
ITA,,ALL,2019,83.67
ITA,,ALL,2020,82.22
KAZ,,ALL,1981,66.95
KAZ,,ALL,1982,67.34
KAZ,,ALL,1985,67.54
KAZ,,ALL,1986,68.93
KAZ,,ALL,1987,68.81
KAZ,,ALL,1988,68.55
KAZ,,ALL,1989,68.77
KAZ,,ALL,1990,68.8
KAZ,,ALL,1991,68.37
KAZ,,ALL,1992,68.23
KAZ,,ALL,1993,66.38
KAZ,,ALL,1994,65.9
KAZ,,ALL,1995,64.65
KAZ,,ALL,1996,64.39
KAZ,,ALL,1997,64.81
KAZ,,ALL,1998,65
KAZ,,ALL,1999,66.01
KAZ,,ALL,2000,65.75
KAZ,,ALL,2001,65.88
KAZ,,ALL,2002,66.18
KAZ,,ALL,2003,65.94
KAZ,,ALL,2004,66.25
KAZ,,ALL,2005,65.92
KAZ,,ALL,2006,66.22
KAZ,,ALL,2007,66.42
KAZ,,ALL,2008,67.2
KAZ,,ALL,2009,68.69
KAZ,,ALL,2010,68.61
KAZ,,ALL,2011,69.2
KAZ,,ALL,2012,69.74
KAZ,,ALL,2013,70.76
KAZ,,ALL,2014,71.6
KAZ,,ALL,2015,72.04
KAZ,,ALL,2016,72.5
KAZ,,ALL,2017,73.09
KAZ,,ALL,2018,73.29
KAZ,,ALL,2019,73.27
KAZ,,ALL,2020,71.43
KAZ,,ALL,2021,70.27
KGZ,,ALL,1970,67.88
KGZ,,ALL,1971,68.79
KGZ,,ALL,1972,67.91
KGZ,,ALL,1973,67.54
KGZ,,ALL,1974,68.39
KGZ,,ALL,1975,66.39
KGZ,,ALL,1976,65.88
KGZ,,ALL,1977,65.89
KGZ,,ALL,1978,66.1
KGZ,,ALL,1979,65.75
KGZ,,ALL,1980,65.85
KGZ,,ALL,1981,66.89
KGZ,,ALL,1982,67.63
KGZ,,ALL,1983,67.18
KGZ,,ALL,1984,66.34
KGZ,,ALL,1985,67
KGZ,,ALL,1986,69.2
KGZ,,ALL,1987,68.69
KGZ,,ALL,1988,68.15
KGZ,,ALL,1989,68.54
KGZ,,ALL,1990,68.82
KGZ,,ALL,1991,68.77
KGZ,,ALL,1992,68.28
KGZ,,ALL,1993,66.79
KGZ,,ALL,1994,65.43
KGZ,,ALL,1995,65.5
KGZ,,ALL,1996,66.66
KGZ,,ALL,1997,66.78
KGZ,,ALL,1998,67.23
KGZ,,ALL,1999,68.33
KGZ,,ALL,2000,67.83
KGZ,,ALL,2001,68.71
KGZ,,ALL,2002,67.99
KGZ,,ALL,2003,67.92
KGZ,,ALL,2004,68.06
KGZ,,ALL,2005,67.73
KGZ,,ALL,2006,67.46
KGZ,,ALL,2007,67.9
KGZ,,ALL,2008,68.54
KGZ,,ALL,2009,69.13
KGZ,,ALL,2010,69.51
KGZ,,ALL,2011,69.86
KGZ,,ALL,2012,70.25
KGZ,,ALL,2013,70.97
KGZ,,ALL,2014,71.06
KGZ,,ALL,2015,71.75
KGZ,,ALL,2016,72.97
LTU,,ALL,1970,70.78
LTU,,ALL,1971,71.49
LTU,,ALL,1972,71.09
LTU,,ALL,1973,71.44
LTU,,ALL,1974,71.29
LTU,,ALL,1975,70.94
LTU,,ALL,1976,70.85
LTU,,ALL,1977,70.8
LTU,,ALL,1979,70.5
LTU,,ALL,1980,70.5
LTU,,ALL,1981,70.53
LTU,,ALL,1982,70.9
LTU,,ALL,1983,70.97
LTU,,ALL,1984,70.39
LTU,,ALL,1985,70.62
LTU,,ALL,1986,72.32
LTU,,ALL,1987,72.21
LTU,,ALL,1988,72.05
LTU,,ALL,1989,71.82
LTU,,ALL,1990,71.54
LTU,,ALL,1991,70.64
LTU,,ALL,1992,70.49
LTU,,ALL,1993,69
LTU,,ALL,1994,68.6
LTU,,ALL,1995,69.15
LTU,,ALL,1996,70.31
LTU,,ALL,1997,71.15
LTU,,ALL,1998,71.44
LTU,,ALL,1999,71.82
LTU,,ALL,2000,72.2
LTU,,ALL,2001,71.71
LTU,,ALL,2002,71.86
LTU,,ALL,2003,72.13
LTU,,ALL,2004,72.05
LTU,,ALL,2005,71.27
LTU,,ALL,2006,71.02
LTU,,ALL,2007,70.78
LTU,,ALL,2008,71.82
LTU,,ALL,2009,73.01
LTU,,ALL,2010,73.32
LTU,,ALL,2011,73.8
LTU,,ALL,2012,74.16
LTU,,ALL,2013,74.19
LTU,,ALL,2014,74.79
LTU,,ALL,2015,74.62
LTU,,ALL,2016,74.97
LTU,,ALL,2017,75.84
LTU,,ALL,2018,76.07
LTU,,ALL,2019,76.62
LTU,,ALL,2020,75.18
LTU,,ALL,2021,74.29
LTU,,ALL,2022,75.89
LUX,,ALL,1971,69.75
LUX,,ALL,1972,70.87
LUX,,ALL,1973,70.83
LUX,,ALL,1974,71.07
LUX,,ALL,1975,71.03
LUX,,ALL,1976,71.02
LUX,,ALL,1977,72.64
LUX,,ALL,1978,72.04
LUX,,ALL,1979,72.56
LUX,,ALL,1980,72.7
LUX,,ALL,1981,72.45
LUX,,ALL,1982,72.55
LUX,,ALL,1983,73.29
LUX,,ALL,1984,73.28
LUX,,ALL,1985,73.75
LUX,,ALL,1986,74.47
LUX,,ALL,1987,74.11
LUX,,ALL,1988,74.74
LUX,,ALL,1989,75
LUX,,ALL,1990,75.53
LUX,,ALL,1991,75.58
LUX,,ALL,1992,76.12
LUX,,ALL,1993,76.02
LUX,,ALL,1994,77.05
LUX,,ALL,1995,77.4
LUX,,ALL,1996,77.16
LUX,,ALL,1997,77.79
LUX,,ALL,1998,78.08
LUX,,ALL,1999,78.94
LUX,,ALL,2000,79.07
LUX,,ALL,2001,78.84
LUX,,ALL,2002,78.96
LUX,,ALL,2003,78.46
LUX,,ALL,2004,80.04
LUX,,ALL,2005,80.26
LUX,,ALL,2006,80.09
LUX,,ALL,2007,80.3
LUX,,ALL,2008,81.54
LUX,,ALL,2009,81.55
LUX,,ALL,2010,81.48
LUX,,ALL,2011,81.65
LUX,,ALL,2012,82.18
LUX,,ALL,2013,82.72
LUX,,ALL,2014,83.03
LUX,,ALL,2015,83.08
LUX,,ALL,2016,83.25
LUX,,ALL,2017,83.1
LUX,,ALL,2018,83.57
LUX,,ALL,2019,83.72
LUX,,ALL,2020,83.12
LUX,,ALL,2021,83.64
LUX,,ALL,2022,84.14
LVA,,ALL,1970,69.89
LVA,,ALL,1971,69.84
LVA,,ALL,1972,70.05
LVA,,ALL,1973,69.99
LVA,,ALL,1974,69.95
LVA,,ALL,1975,69.16
LVA,,ALL,1976,69.01
LVA,,ALL,1977,69.3
LVA,,ALL,1978,69.21
LVA,,ALL,1979,68.76
LVA,,ALL,1980,69.15
LVA,,ALL,1981,69.05
LVA,,ALL,1982,69.65
LVA,,ALL,1983,69.43
LVA,,ALL,1984,69.45
LVA,,ALL,1985,69.58
LVA,,ALL,1986,71
LVA,,ALL,1987,71.05
LVA,,ALL,1988,71
LVA,,ALL,1989,70.51
LVA,,ALL,1990,69.58
LVA,,ALL,1991,69.18
LVA,,ALL,1992,68.59
LVA,,ALL,1993,66.7
LVA,,ALL,1994,65.62
LVA,,ALL,1995,66.44
LVA,,ALL,1996,68.8
LVA,,ALL,1997,69.44
LVA,,ALL,1998,69.11
LVA,,ALL,1999,70.18
LVA,,ALL,2000,70.51
LVA,,ALL,2001,69.95
LVA,,ALL,2002,70.25
LVA,,ALL,2003,70.73
LVA,,ALL,2004,70.98
LVA,,ALL,2005,70.72
LVA,,ALL,2006,70.6
LVA,,ALL,2007,70.85
LVA,,ALL,2008,72.13
LVA,,ALL,2009,72.81
LVA,,ALL,2010,73.16
LVA,,ALL,2011,73.92
LVA,,ALL,2012,74.13
LVA,,ALL,2013,74.42
LVA,,ALL,2014,74.77
LVA,,ALL,2015,75.11
LVA,,ALL,2016,75.25
LVA,,ALL,2017,75.23
LVA,,ALL,2018,75.37
LVA,,ALL,2019,76.01
LVA,,ALL,2020,75.73
LVA,,ALL,2021,73.43
MDA,,ALL,1981,66.22
MDA,,ALL,1982,66.56
MDA,,ALL,1985,66.14
MDA,,ALL,1986,68.26
MDA,,ALL,1987,68.69
MDA,,ALL,1988,68.74
MDA,,ALL,1989,69.11
MDA,,ALL,1990,68.64
MDA,,ALL,1991,67.69
MDA,,ALL,1992,67.93
MDA,,ALL,1993,67.66
MDA,,ALL,1994,66.05
MDA,,ALL,1995,65.88
MDA,,ALL,1996,66.73
MDA,,ALL,1997,66.98
MDA,,ALL,1998,67.93
MDA,,ALL,1999,67.62
MDA,,ALL,2000,67.75
MDA,,ALL,2001,68.28
MDA,,ALL,2002,68.14
MDA,,ALL,2003,68.07
MDA,,ALL,2004,68.58
MDA,,ALL,2005,67.75
MDA,,ALL,2006,68.5
MDA,,ALL,2007,68.94
MDA,,ALL,2008,69.41
MDA,,ALL,2009,69.44
MDA,,ALL,2010,69.13
MDA,,ALL,2011,70.96
MDA,,ALL,2012,71.13
MDA,,ALL,2013,72
MDA,,ALL,2014,71.6
MDA,,ALL,2015,71.65
MDA,,ALL,2016,72.32
MDA,,ALL,2017,73.38
MDA,,ALL,2018,73.4
MKD,,ALL,1991,72.14
MKD,,ALL,1992,71.27
MKD,,ALL,1993,72.02
MKD,,ALL,1994,72.24
MKD,,ALL,1995,72.21
MKD,,ALL,1996,72.87
MKD,,ALL,1997,72.75
MKD,,ALL,1998,72.49
MKD,,ALL,1999,72.92
MKD,,ALL,2000,73.23
MKD,,ALL,2001,73.59
MKD,,ALL,2002,73.16
MKD,,ALL,2003,73.42
MKD,,ALL,2004,73.64
MKD,,ALL,2005,73.8
MKD,,ALL,2006,73.97
MKD,,ALL,2007,73.83
MKD,,ALL,2008,74.51
MKD,,ALL,2009,74.51
MKD,,ALL,2010,75.1
MKD,,ALL,2011,75.19
MKD,,ALL,2012,75.01
MKD,,ALL,2013,75.52
MKD,,ALL,2015,75.52
MKD,,ALL,2016,75.5
MKD,,ALL,2017,76.05
MKD,,ALL,2018,76.74
MKD,,ALL,2019,76.68
MKD,,ALL,2020,74.39
MKD,,ALL,2021,73.08
MLT,,ALL,1968,70.68
MLT,,ALL,1969,70.53
MLT,,ALL,1970,70.47
MLT,,ALL,1971,70.72
MLT,,ALL,1972,71.58
MLT,,ALL,1973,69.94
MLT,,ALL,1974,70.77
MLT,,ALL,1975,70.35
MLT,,ALL,1976,70.12
MLT,,ALL,1977,71.23
MLT,,ALL,1978,69.84
MLT,,ALL,1979,71.16
MLT,,ALL,1980,70.37
MLT,,ALL,1981,71.29
MLT,,ALL,1982,72.22
MLT,,ALL,1983,72.01
MLT,,ALL,1984,73.33
MLT,,ALL,1985,73.17
MLT,,ALL,1986,74.61
MLT,,ALL,1987,74.76
MLT,,ALL,1988,75.37
MLT,,ALL,1989,75.96
MLT,,ALL,1990,76.19
MLT,,ALL,1991,75.98
MLT,,ALL,1992,75.63
MLT,,ALL,1993,77.01
MLT,,ALL,1994,77.02
MLT,,ALL,1995,77.32
MLT,,ALL,1996,77.47
MLT,,ALL,1997,77.57
MLT,,ALL,1998,77.48
MLT,,ALL,1999,77.31
MLT,,ALL,2000,78.23
MLT,,ALL,2001,78.84
MLT,,ALL,2002,78.73
MLT,,ALL,2003,78.63
MLT,,ALL,2004,79.43
MLT,,ALL,2005,79.49
MLT,,ALL,2006,79.63
MLT,,ALL,2007,80.06
MLT,,ALL,2008,79.85
MLT,,ALL,2009,80.5
MLT,,ALL,2010,81.55
MLT,,ALL,2011,81.06
MLT,,ALL,2012,80.99
MLT,,ALL,2013,81.97
MLT,,ALL,2014,82.24
MLT,,ALL,2015,82.01
MLT,,ALL,2016,82.72
MLT,,ALL,2017,82.47
MNE,,ALL,1985,75.27
MNE,,ALL,1986,75.61
MNE,,ALL,1987,76.04
MNE,,ALL,1988,77.74
MNE,,ALL,1989,77.51
MNE,,ALL,1990,77.55
MNE,,ALL,1991,75.74
MNE,,ALL,1992,75.02
MNE,,ALL,1993,75.33
MNE,,ALL,1994,75.04
MNE,,ALL,1995,74.93
MNE,,ALL,1996,75.85
MNE,,ALL,1997,74.63
MNE,,ALL,2000,74.15
MNE,,ALL,2001,73.85
MNE,,ALL,2002,74.08
MNE,,ALL,2003,73.82
MNE,,ALL,2004,74.25
MNE,,ALL,2005,74.14
MNE,,ALL,2006,74.12
MNE,,ALL,2007,74.68
MNE,,ALL,2008,75.5
MNE,,ALL,2009,75.63
MNE,,ALL,2017,78.75
MNE,,ALL,2019,79.3
NLD,,ALL,1969,73.69
NLD,,ALL,1970,73.71
NLD,,ALL,1971,73.95
NLD,,ALL,1972,73.84
NLD,,ALL,1973,74.3
NLD,,ALL,1974,74.73
NLD,,ALL,1975,74.65
NLD,,ALL,1976,74.81
NLD,,ALL,1977,75.46
NLD,,ALL,1978,75.34
NLD,,ALL,1979,75.86
NLD,,ALL,1980,76
NLD,,ALL,1981,76.19
NLD,,ALL,1982,76.26
NLD,,ALL,1983,76.43
NLD,,ALL,1984,76.51
NLD,,ALL,1985,76.54
NLD,,ALL,1986,76.52
NLD,,ALL,1987,77.01
NLD,,ALL,1988,77.18
NLD,,ALL,1989,77
NLD,,ALL,1990,77.18
NLD,,ALL,1991,77.32
NLD,,ALL,1992,77.53
NLD,,ALL,1993,77.16
NLD,,ALL,1994,77.67
NLD,,ALL,1995,77.7
NLD,,ALL,1996,77.72
NLD,,ALL,1997,78.1
NLD,,ALL,1998,78.17
NLD,,ALL,1999,78.1
NLD,,ALL,2000,78.28
NLD,,ALL,2001,78.49
NLD,,ALL,2002,78.56
NLD,,ALL,2003,78.79
NLD,,ALL,2004,79.41
NLD,,ALL,2005,79.67
NLD,,ALL,2006,80.07
NLD,,ALL,2007,80.53
NLD,,ALL,2008,80.67
NLD,,ALL,2009,81
NLD,,ALL,2010,81.14
NLD,,ALL,2011,81.44
NLD,,ALL,2012,81.33
NLD,,ALL,2013,81.58
NLD,,ALL,2014,81.98
NLD,,ALL,2015,81.73
NLD,,ALL,2016,81.8
NLD,,ALL,2017,82
NLD,,ALL,2018,82.45
NLD,,ALL,2019,83.07
NLD,,ALL,2020,81.84
NLD,,ALL,2021,81.54
NLD,,ALL,2022,81.81
NOR,,ALL,1969,73.78
NOR,,ALL,1970,74.16
NOR,,ALL,1971,74.28
NOR,,ALL,1972,74.44
NOR,,ALL,1973,74.6
NOR,,ALL,1974,74.86
NOR,,ALL,1975,74.9
NOR,,ALL,1976,75.14
NOR,,ALL,1977,75.52
NOR,,ALL,1978,75.59
NOR,,ALL,1979,75.55
NOR,,ALL,1980,75.84
NOR,,ALL,1981,76.02
NOR,,ALL,1982,76.21
NOR,,ALL,1983,76.25
NOR,,ALL,1984,76.41
NOR,,ALL,1985,76.08
NOR,,ALL,1986,76.38
NOR,,ALL,1987,76.27
NOR,,ALL,1988,76.38
NOR,,ALL,1989,76.65
NOR,,ALL,1990,76.7
NOR,,ALL,1991,77.21
NOR,,ALL,1992,77.39
NOR,,ALL,1993,77.31
NOR,,ALL,1994,77.93
NOR,,ALL,1995,77.92
NOR,,ALL,1996,78.39
NOR,,ALL,1997,78.36
NOR,,ALL,1998,78.52
NOR,,ALL,1999,78.53
NOR,,ALL,2000,78.84
NOR,,ALL,2001,79.05
NOR,,ALL,2002,79.14
NOR,,ALL,2003,79.71
NOR,,ALL,2004,80.17
NOR,,ALL,2005,80.48
NOR,,ALL,2006,80.7
NOR,,ALL,2007,80.75
NOR,,ALL,2008,80.94
NOR,,ALL,2009,81.16
NOR,,ALL,2010,81.33
NOR,,ALL,2011,81.52
NOR,,ALL,2012,81.66
NOR,,ALL,2013,81.93
NOR,,ALL,2014,82.33
NOR,,ALL,2015,82.5
NOR,,ALL,2016,82.66
,NORDIC,ALL,1969,72.95
,NORDIC,ALL,1970,73.46
,NORDIC,ALL,1971,73.41
,NORDIC,ALL,1972,73.63
,NORDIC,ALL,1973,73.89
,NORDIC,ALL,1974,74.02
,NORDIC,ALL,1975,74.2
,NORDIC,ALL,1976,74.21
,NORDIC,ALL,1977,74.78
,NORDIC,ALL,1978,74.89
,NORDIC,ALL,1979,74.91
,NORDIC,ALL,1980,75.05
,NORDIC,ALL,1981,75.31
,NORDIC,ALL,1982,75.69
,NORDIC,ALL,1983,75.71
,NORDIC,ALL,1984,75.97
,NORDIC,ALL,1985,75.72
,NORDIC,ALL,1986,76.01
,NORDIC,ALL,1987,76.09
,NORDIC,ALL,1988,76.07
,NORDIC,ALL,1989,76.43
,NORDIC,ALL,1990,76.42
,NORDIC,ALL,1991,76.75
,NORDIC,ALL,1992,76.99
,NORDIC,ALL,1993,76.99
,NORDIC,ALL,1994,77.58
,NORDIC,ALL,1995,77.56
,NORDIC,ALL,1996,77.89
,NORDIC,ALL,1997,78.08
,NORDIC,ALL,1998,78.31
,NORDIC,ALL,1999,78.31
,NORDIC,ALL,2000,78.68
,NORDIC,ALL,2001,78.89
,NORDIC,ALL,2002,78.94
,NORDIC,ALL,2003,79.29
,NORDIC,ALL,2004,79.58
,NORDIC,ALL,2005,79.93
,NORDIC,ALL,2006,80.13
,NORDIC,ALL,2007,80.23
,NORDIC,ALL,2008,80.48
,NORDIC,ALL,2009,80.7
,NORDIC,ALL,2010,80.9
,NORDIC,ALL,2011,81.23
,NORDIC,ALL,2012,81.32
,NORDIC,ALL,2013,81.56
,NORDIC,ALL,2014,81.89
,NORDIC,ALL,2015,81.88
,NORDIC,ALL,2016,82.07
,NORDIC,ALL,2017,82.19
,NORDIC,ALL,2018,82.23
,NORDIC,ALL,2019,82.6
,NORDIC,ALL,2020,82.32
,NORDIC,ALL,2021,82.76
POL,,ALL,1969,70.08
POL,,ALL,1970,69.98
POL,,ALL,1971,69.91
POL,,ALL,1972,70.99
POL,,ALL,1973,70.97
POL,,ALL,1974,71.68
POL,,ALL,1975,71.1
POL,,ALL,1976,71
POL,,ALL,1977,70.82
POL,,ALL,1978,70.75
POL,,ALL,1979,71.17
POL,,ALL,1980,70.35
POL,,ALL,1981,71.32
POL,,ALL,1982,71.4
POL,,ALL,1983,71.21
POL,,ALL,1984,70.92
POL,,ALL,1985,70.63
POL,,ALL,1986,70.91
POL,,ALL,1987,70.98
POL,,ALL,1988,71.4
POL,,ALL,1989,71.11
POL,,ALL,1990,71
POL,,ALL,1991,70.68
POL,,ALL,1992,71.19
POL,,ALL,1993,71.68
POL,,ALL,1994,71.79
POL,,ALL,1995,72.01
POL,,ALL,1996,72.38
POL,,ALL,1997,72.75
POL,,ALL,1998,73.14
POL,,ALL,1999,73.16
POL,,ALL,2000,73.86
POL,,ALL,2001,74.28
POL,,ALL,2002,74.64
POL,,ALL,2003,74.73
POL,,ALL,2004,74.98
POL,,ALL,2005,75.12
POL,,ALL,2006,75.38
POL,,ALL,2007,75.45
POL,,ALL,2008,75.73
POL,,ALL,2009,75.91
POL,,ALL,2010,76.54
POL,,ALL,2011,76.91
POL,,ALL,2012,76.97
POL,,ALL,2013,77.21
POL,,ALL,2014,77.89
POL,,ALL,2015,77.64
POL,,ALL,2016,78.11
POL,,ALL,2017,77.95
POL,,ALL,2018,77.95
POL,,ALL,2019,78.14
POL,,ALL,2020,76.65
POL,,ALL,2021,75.61
PRT,,ALL,1971,67.06
PRT,,ALL,1972,68.67
PRT,,ALL,1973,67.89
PRT,,ALL,1974,68.62
PRT,,ALL,1975,68.97
PRT,,ALL,1976,69.02
PRT,,ALL,1977,70
PRT,,ALL,1978,70.24
PRT,,ALL,1979,70.84
PRT,,ALL,1980,71.15
PRT,,ALL,1981,71.82
PRT,,ALL,1982,72.59
PRT,,ALL,1983,72.46
PRT,,ALL,1984,72.71
PRT,,ALL,1985,72.94
PRT,,ALL,1986,73.41
PRT,,ALL,1987,73.82
PRT,,ALL,1988,73.84
PRT,,ALL,1989,74.4
PRT,,ALL,1990,74.1
PRT,,ALL,1991,74.06
PRT,,ALL,1992,74.67
PRT,,ALL,1993,74.54
PRT,,ALL,1994,75.52
PRT,,ALL,1995,75.35
PRT,,ALL,1996,75.34
PRT,,ALL,1997,75.82
PRT,,ALL,1998,76.02
PRT,,ALL,1999,76.26
PRT,,ALL,2000,76.85
PRT,,ALL,2001,77.19
PRT,,ALL,2002,77.41
PRT,,ALL,2003,77.55
PRT,,ALL,2004,78.44
PRT,,ALL,2007,79.3
PRT,,ALL,2008,79.55
PRT,,ALL,2009,79.77
PRT,,ALL,2010,80.06
PRT,,ALL,2011,80.72
PRT,,ALL,2012,80.61
PRT,,ALL,2013,80.97
PRT,,ALL,2014,81.39
PRT,,ALL,2015,81.35
PRT,,ALL,2016,81.36
PRT,,ALL,2017,81.64
PRT,,ALL,2018,81.54
ROU,,ALL,1969,67.14
ROU,,ALL,1970,68.04
ROU,,ALL,1971,68.67
ROU,,ALL,1972,69.25
ROU,,ALL,1973,68.81
ROU,,ALL,1974,69.91
ROU,,ALL,1975,69.81
ROU,,ALL,1976,69.94
ROU,,ALL,1977,69.43
ROU,,ALL,1978,69.85
ROU,,ALL,1980,69.23
ROU,,ALL,1981,69.57
ROU,,ALL,1982,69.76
ROU,,ALL,1983,69.74
ROU,,ALL,1984,69.91
ROU,,ALL,1985,69.41
ROU,,ALL,1986,69.81
ROU,,ALL,1987,69.07
ROU,,ALL,1988,69.39
ROU,,ALL,1989,69.64
ROU,,ALL,1990,69.78
ROU,,ALL,1991,70.11
ROU,,ALL,1992,69.58
ROU,,ALL,1993,69.51
ROU,,ALL,1994,69.36
ROU,,ALL,1995,69.38
ROU,,ALL,1996,68.85
ROU,,ALL,1997,69.15
ROU,,ALL,1998,69.92
ROU,,ALL,1999,70.59
ROU,,ALL,2000,71.24
ROU,,ALL,2001,71.27
ROU,,ALL,2002,70.97
ROU,,ALL,2003,71.32
ROU,,ALL,2004,71.87
ROU,,ALL,2005,72.21
ROU,,ALL,2006,72.69
ROU,,ALL,2007,73.27
ROU,,ALL,2008,73.47
ROU,,ALL,2009,73.6
ROU,,ALL,2010,73.83
ROU,,ALL,2011,74.6
ROU,,ALL,2012,74.57
ROU,,ALL,2013,75
ROU,,ALL,2014,75.07
ROU,,ALL,2015,75.11
ROU,,ALL,2016,75.37
ROU,,ALL,2017,75.38
ROU,,ALL,2018,75.4
ROU,,ALL,2019,75.67
RUS,,ALL,1970,68.51
RUS,,ALL,1971,68.86
RUS,,ALL,1972,68.76
RUS,,ALL,1973,68.76
RUS,,ALL,1974,68.77
RUS,,ALL,1975,68.17
RUS,,ALL,1976,67.92
RUS,,ALL,1977,67.88
RUS,,ALL,1978,67.88
RUS,,ALL,1979,67.48
RUS,,ALL,1980,67.54
RUS,,ALL,1981,67.78
RUS,,ALL,1982,68.39
RUS,,ALL,1983,68.2
RUS,,ALL,1984,67.61
RUS,,ALL,1985,68.31
RUS,,ALL,1986,70
RUS,,ALL,1987,70
RUS,,ALL,1988,69.79
RUS,,ALL,1989,69.65
RUS,,ALL,1990,69.28
RUS,,ALL,1991,69.03
RUS,,ALL,1992,67.92
RUS,,ALL,1993,65.14
RUS,,ALL,1994,64.03
RUS,,ALL,1995,64.7
RUS,,ALL,1996,65.95
RUS,,ALL,1997,66.88
RUS,,ALL,1998,67.24
RUS,,ALL,1999,66.03
RUS,,ALL,2000,65.46
RUS,,ALL,2001,65.38
RUS,,ALL,2002,65.13
RUS,,ALL,2003,64.97
RUS,,ALL,2004,65.4
RUS,,ALL,2005,65.42
RUS,,ALL,2006,66.71
RUS,,ALL,2007,67.66
RUS,,ALL,2008,68.02
RUS,,ALL,2009,68.78
RUS,,ALL,2010,69.06
RUS,,ALL,2011,70.03
RUS,,ALL,2012,70.47
RUS,,ALL,2013,70.96
RUS,,ALL,2015,71.53
RUS,,ALL,2019,73.51
,SEEHN,ALL,1985,70.64
,SEEHN,ALL,1986,71.04
,SEEHN,ALL,1987,70.78
,SEEHN,ALL,1988,71
,SEEHN,ALL,1989,71.15
,SEEHN,ALL,1990,71.33
,SEEHN,ALL,1991,71.36
,SEEHN,ALL,1992,71.14
,SEEHN,ALL,1993,71.22
,SEEHN,ALL,1994,71.16
,SEEHN,ALL,1995,71.16
,SEEHN,ALL,1996,71.14
,SEEHN,ALL,1997,71.29
,SEEHN,ALL,1998,71.77
,SEEHN,ALL,1999,72.26
,SEEHN,ALL,2000,72.51
,SEEHN,ALL,2001,72.87
,SEEHN,ALL,2002,72.77
,SEEHN,ALL,2003,73
,SEEHN,ALL,2004,73.43
,SEEHN,ALL,2005,73.58
,SEEHN,ALL,2006,74.05
,SEEHN,ALL,2007,74.51
,SEEHN,ALL,2008,74.79
,SEEHN,ALL,2009,75.08
,SEEHN,ALL,2010,75.27
,SEEHN,ALL,2011,75.82
,SEEHN,ALL,2012,75.95
,SEEHN,ALL,2013,76.4
,SEEHN,ALL,2014,76.42
,SEEHN,ALL,2015,76.41
,SEEHN,ALL,2016,76.67
,SEEHN,ALL,2017,76.78
,SEEHN,ALL,2018,76.93
,SEEHN,ALL,2019,77.05
,SEEHN,ALL,2021,76.94
,SMALL,ALL,1985,75.89
,SMALL,ALL,1986,76.36
,SMALL,ALL,1987,76.38
,SMALL,ALL,1988,77.03
,SMALL,ALL,1989,77.22
,SMALL,ALL,1990,77.35
,SMALL,ALL,1991,76.82
,SMALL,ALL,1992,76.77
,SMALL,ALL,1993,77.08
,SMALL,ALL,1994,77.21
,SMALL,ALL,1995,77.15
,SMALL,ALL,1996,77.48
,SMALL,ALL,1997,77.31
,SMALL,ALL,1998,77.38
,SMALL,ALL,1999,77.44
,SMALL,ALL,2000,77.58
,SMALL,ALL,2001,78.1
,SMALL,ALL,2002,77.57
,SMALL,ALL,2003,78.14
,SMALL,ALL,2004,78.7
,SMALL,ALL,2005,78.62
,SMALL,ALL,2006,78.99
,SMALL,ALL,2007,79.22
,SMALL,ALL,2008,79.83
,SMALL,ALL,2009,80.11
,SMALL,ALL,2010,80.56
,SMALL,ALL,2011,80.59
,SMALL,ALL,2012,80.8
,SMALL,ALL,2013,81.27
,SMALL,ALL,2014,81.5
,SMALL,ALL,2015,81.31
,SMALL,ALL,2016,81.83
,SMALL,ALL,2017,81.72
,SMALL,ALL,2019,82.08
SMR,,ALL,1995,79.94
SMR,,ALL,1996,81.41
SMR,,ALL,1997,82.37
SMR,,ALL,1998,81.29
SMR,,ALL,1999,81.63
SMR,,ALL,2000,82.27
SMR,,ALL,2005,82.78
SMR,,ALL,2006,81.7
SRB,,ALL,1998,71.76
SRB,,ALL,1999,71.77
SRB,,ALL,2000,71.7
SRB,,ALL,2001,72.41
SRB,,ALL,2002,72.39
SRB,,ALL,2003,72.55
SRB,,ALL,2004,72.77
SRB,,ALL,2005,72.86
SRB,,ALL,2006,73.48
SRB,,ALL,2007,73.69
SRB,,ALL,2008,73.98
SRB,,ALL,2009,74.07
SRB,,ALL,2010,74.39
SRB,,ALL,2011,74.64
SRB,,ALL,2012,74.94
SRB,,ALL,2013,75.31
SRB,,ALL,2014,75.42
SRB,,ALL,2015,75.37
SRB,,ALL,2016,75.79
SRB,,ALL,2017,75.68
SRB,,ALL,2018,75.99
SRB,,ALL,2019,76.06
SRB,,ALL,2020,74.48
SRB,,ALL,2021,72.81
SRB,,ALL,2022,75.27
SVK,,ALL,1980,70.5
SVK,,ALL,1982,70.86
SVK,,ALL,1984,70.85
SVK,,ALL,1985,70.83
SVK,,ALL,1986,70.92
SVK,,ALL,1987,72.34
SVK,,ALL,1988,72.15
SVK,,ALL,1989,71.17
SVK,,ALL,1990,71.14
SVK,,ALL,1991,71.06
SVK,,ALL,1992,72.1
SVK,,ALL,1993,72.62
SVK,,ALL,1994,72.5
SVK,,ALL,1995,72.45
SVK,,ALL,1996,72.98
SVK,,ALL,1997,72.95
SVK,,ALL,1998,72.8
SVK,,ALL,1999,73.24
SVK,,ALL,2000,73.44
SVK,,ALL,2001,73.69
SVK,,ALL,2002,73.88
SVK,,ALL,2003,73.88
SVK,,ALL,2004,74.31
SVK,,ALL,2005,74.24
SVK,,ALL,2006,74.53
SVK,,ALL,2007,74.65
SVK,,ALL,2008,75.05
SVK,,ALL,2009,75.42
SVK,,ALL,2010,75.66
SVK,,ALL,2012,76.33
SVK,,ALL,2013,76.7
SVK,,ALL,2014,77.07
SVK,,ALL,2016,77.42
SVK,,ALL,2017,77.39
SVK,,ALL,2018,77.46
SVK,,ALL,2019,77.91
SVK,,ALL,2020,77.18
SVK,,ALL,2021,74.68
SVN,,ALL,1985,72.19
SVN,,ALL,1986,72.66
SVN,,ALL,1987,72.48
SVN,,ALL,1988,73.13
SVN,,ALL,1989,73.55
SVN,,ALL,1990,74.09
SVN,,ALL,1991,73.69
SVN,,ALL,1992,73.77
SVN,,ALL,1993,73.6
SVN,,ALL,1994,74.16
SVN,,ALL,1995,74.9
SVN,,ALL,1996,75.24
SVN,,ALL,1997,75.26
SVN,,ALL,1998,75.34
SVN,,ALL,1999,75.76
SVN,,ALL,2000,76.28
SVN,,ALL,2001,76.48
SVN,,ALL,2002,76.72
SVN,,ALL,2003,76.52
SVN,,ALL,2004,77.32
SVN,,ALL,2005,77.57
SVN,,ALL,2006,78.35
SVN,,ALL,2007,78.53
SVN,,ALL,2008,79.3
SVN,,ALL,2009,79.46
SVN,,ALL,2010,79.96
SVN,,ALL,2011,80.24
SVN,,ALL,2012,80.39
SVN,,ALL,2013,80.56
SVN,,ALL,2014,81.34
SVN,,ALL,2015,80.98
SVN,,ALL,2016,81.33
SVN,,ALL,2017,81.29
SVN,,ALL,2018,81.47
SVN,,ALL,2019,81.83
SVN,,ALL,2020,80.67
SWE,,ALL,1969,74.21
SWE,,ALL,1970,74.83
SWE,,ALL,1971,74.75
SWE,,ALL,1972,74.83
SWE,,ALL,1973,74.97
SWE,,ALL,1974,75.1
SWE,,ALL,1975,75.08
SWE,,ALL,1976,75.07
SWE,,ALL,1977,75.53
SWE,,ALL,1978,75.61
SWE,,ALL,1979,75.66
SWE,,ALL,1980,75.87
SWE,,ALL,1981,76.16
SWE,,ALL,1982,76.51
SWE,,ALL,1983,76.73
SWE,,ALL,1984,77.01
SWE,,ALL,1985,76.84
SWE,,ALL,1986,77.12
SWE,,ALL,1987,77.29
SWE,,ALL,1988,77.14
SWE,,ALL,1989,77.84
SWE,,ALL,1990,77.77
SWE,,ALL,1991,77.94
SWE,,ALL,1992,78.33
SWE,,ALL,1993,78.32
SWE,,ALL,1994,79.03
SWE,,ALL,1995,79.07
SWE,,ALL,1996,79.29
SWE,,ALL,1997,79.49
SWE,,ALL,1998,79.58
SWE,,ALL,1999,79.63
SWE,,ALL,2000,79.92
SWE,,ALL,2001,80.01
SWE,,ALL,2002,80.09
SWE,,ALL,2003,80.37
SWE,,ALL,2004,80.54
SWE,,ALL,2005,80.82
SWE,,ALL,2006,81.05
SWE,,ALL,2007,81.19
SWE,,ALL,2008,81.35
SWE,,ALL,2009,81.6
SWE,,ALL,2010,81.76
SWE,,ALL,2011,81.99
SWE,,ALL,2012,81.9
SWE,,ALL,2013,82.11
SWE,,ALL,2014,82.44
SWE,,ALL,2015,82.23
SWE,,ALL,2016,82.51
SWE,,ALL,2017,82.58
SWE,,ALL,2018,82.71
SWE,,ALL,2019,83.22
SWE,,ALL,2020,82.46
SWE,,ALL,2021,83.26
SWE,,ALL,2022,83.24
TJK,,ALL,1981,67.02
TJK,,ALL,1982,67.21
TJK,,ALL,1985,68.77
TJK,,ALL,1986,69.58
TJK,,ALL,1987,69.16
TJK,,ALL,1988,68.43
TJK,,ALL,1989,69.4
TJK,,ALL,1990,69.78
TJK,,ALL,1991,70.12
TJK,,ALL,1992,68.02
TJK,,ALL,1993,61.84
TJK,,ALL,1994,65.85
TJK,,ALL,1995,68.31
TJK,,ALL,1996,68.59
TJK,,ALL,1997,70.22
TJK,,ALL,1998,70.92
TJK,,ALL,1999,71.92
TJK,,ALL,2000,72.5
TJK,,ALL,2001,72.17
TJK,,ALL,2002,72.15
TJK,,ALL,2003,72.77
TJK,,ALL,2004,73.34
TJK,,ALL,2005,73.72
TJK,,ALL,2017,74.49
TKM,,ALL,1981,63.67
TKM,,ALL,1982,64.8
TKM,,ALL,1985,64.65
TKM,,ALL,1986,64.14
TKM,,ALL,1987,65.28
TKM,,ALL,1988,65.15
TKM,,ALL,1989,65.17
TKM,,ALL,1990,66.59
TKM,,ALL,1991,65.58
TKM,,ALL,1992,66.1
TKM,,ALL,1993,64.25
TKM,,ALL,1994,63.96
TKM,,ALL,1995,65.24
TKM,,ALL,1996,64.66
TKM,,ALL,1997,65.55
TKM,,ALL,1998,66.11
TKM,,ALL,1999,67.57
TKM,,ALL,2000,67.7
TKM,,ALL,2001,69.07
TKM,,ALL,2002,68.79
TKM,,ALL,2003,68.91
TKM,,ALL,2004,69.53
TKM,,ALL,2005,68.9
TKM,,ALL,2006,69.6
TKM,,ALL,2007,69.69
TKM,,ALL,2008,70.07
TKM,,ALL,2009,71.31
TKM,,ALL,2010,71.24
TKM,,ALL,2011,70.95
TKM,,ALL,2012,71.2
TKM,,ALL,2013,70.68
TUR,,ALL,2009,76.21
TUR,,ALL,2010,76.99
TUR,,ALL,2011,77.23
TUR,,ALL,2012,79.88
TUR,,ALL,2013,78.9
TUR,,ALL,2014,78.55
TUR,,ALL,2015,78.63
TUR,,ALL,2016,78.3
TUR,,ALL,2017,78.57
TUR,,ALL,2018,79
TUR,,ALL,2019,79.21
UKR,,ALL,1970,70.58
UKR,,ALL,1971,70.83
UKR,,ALL,1972,70.63
UKR,,ALL,1973,70.83
UKR,,ALL,1974,70.74
UKR,,ALL,1975,70.16
UKR,,ALL,1976,69.95
UKR,,ALL,1977,69.87
UKR,,ALL,1978,69.82
UKR,,ALL,1979,69.68
UKR,,ALL,1980,69.63
UKR,,ALL,1981,69.76
UKR,,ALL,1982,70
UKR,,ALL,1983,69.98
UKR,,ALL,1984,69.68
UKR,,ALL,1985,69.94
UKR,,ALL,1986,71.36
UKR,,ALL,1987,71.14
UKR,,ALL,1988,71.02
UKR,,ALL,1989,70.97
UKR,,ALL,1990,70.53
UKR,,ALL,1991,69.68
UKR,,ALL,1992,69.09
UKR,,ALL,1993,68.32
UKR,,ALL,1994,67.71
UKR,,ALL,1995,66.87
UKR,,ALL,1996,67.18
UKR,,ALL,1997,67.77
UKR,,ALL,1998,68.62
UKR,,ALL,1999,68.19
UKR,,ALL,2000,67.88
UKR,,ALL,2001,68.09
UKR,,ALL,2002,67.85
UKR,,ALL,2003,67.83
UKR,,ALL,2004,67.71
UKR,,ALL,2005,67.29
UKR,,ALL,2006,67.99
UKR,,ALL,2007,67.67
UKR,,ALL,2008,68.07
UKR,,ALL,2009,69.69
UKR,,ALL,2010,70.32
UKR,,ALL,2011,71.12
UKR,,ALL,2012,71.29
UKR,,ALL,2014,71.44
UKR,,ALL,2015,72.5
UKR,,ALL,2017,73.31
UKR,,ALL,2018,73.05
UKR,,ALL,2019,73.31
UZB,,ALL,1970,72.85
UZB,,ALL,1971,73.21
UZB,,ALL,1972,71.3
UZB,,ALL,1973,70.64
UZB,,ALL,1974,70.06
UZB,,ALL,1975,68.25
UZB,,ALL,1976,68.4
UZB,,ALL,1977,68.05
UZB,,ALL,1978,68.11
UZB,,ALL,1979,67.9
UZB,,ALL,1980,67.16
UZB,,ALL,1981,68.24
UZB,,ALL,1982,67.56
UZB,,ALL,1983,67.3
UZB,,ALL,1984,67.26
UZB,,ALL,1985,68.02
UZB,,ALL,1986,68.48
UZB,,ALL,1987,68.59
UZB,,ALL,1988,68.52
UZB,,ALL,1989,69.3
UZB,,ALL,1990,69.71
UZB,,ALL,1991,69.09
UZB,,ALL,1992,68.75
UZB,,ALL,1993,67.96
UZB,,ALL,1994,67.47
UZB,,ALL,1995,67.88
UZB,,ALL,1996,67.84
UZB,,ALL,1997,68.81
UZB,,ALL,1998,68.67
UZB,,ALL,1999,69.88
UZB,,ALL,2000,69.57
UZB,,ALL,2001,70.08
UZB,,ALL,2002,70.01
UZB,,ALL,2003,70.36
UZB,,ALL,2004,71.17
UZB,,ALL,2005,70.54
UZB,,ALL,2009,72.95
UZB,,ALL,2010,72.96
UZB,,ALL,2011,72.96
UZB,,ALL,2012,73.13
UZB,,ALL,2013,73.55
UZB,,ALL,2014,73.53
UZB,,ALL,2015,73.71
UZB,,ALL,2016,73.92
,WESTERN_BALKANS,ALL,1987,72.06
,WESTERN_BALKANS,ALL,1988,72.24
,WESTERN_BALKANS,ALL,1989,72.11
,WESTERN_BALKANS,ALL,1990,72.47
,WESTERN_BALKANS,ALL,1991,72.33
,WESTERN_BALKANS,ALL,1992,72.31
,WESTERN_BALKANS,ALL,1993,72.55
,WESTERN_BALKANS,ALL,1994,72.97
,WESTERN_BALKANS,ALL,1995,72.88
,WESTERN_BALKANS,ALL,1996,72.99
,WESTERN_BALKANS,ALL,1997,73.1
,WESTERN_BALKANS,ALL,1998,73.09
,WESTERN_BALKANS,ALL,1999,73.4
,WESTERN_BALKANS,ALL,2000,73.18
,WESTERN_BALKANS,ALL,2001,73.94
,WESTERN_BALKANS,ALL,2002,73.8
,WESTERN_BALKANS,ALL,2003,73.83
,WESTERN_BALKANS,ALL,2004,74.1
,WESTERN_BALKANS,ALL,2005,74.3
,WESTERN_BALKANS,ALL,2006,74.78
,WESTERN_BALKANS,ALL,2007,75.28
,WESTERN_BALKANS,ALL,2008,75.43
,WESTERN_BALKANS,ALL,2009,75.65
,WESTERN_BALKANS,ALL,2011,76.11
,WESTERN_BALKANS,ALL,2016,76.65
,WESTERN_BALKANS,ALL,2017,76.63
,WESTERN_BALKANS,ALL,2019,76.78
,WESTERN_BALKANS,ALL,2021,74.81
,WHO_EURO,ALL,1970,71.39
,WHO_EURO,ALL,1971,71.55
,WHO_EURO,ALL,1972,71.64
,WHO_EURO,ALL,1973,71.66
,WHO_EURO,ALL,1974,71.86
,WHO_EURO,ALL,1975,71.65
,WHO_EURO,ALL,1976,71.69
,WHO_EURO,ALL,1977,71.84
,WHO_EURO,ALL,1978,71.9
,WHO_EURO,ALL,1979,71.95
,WHO_EURO,ALL,1980,71.97
,WHO_EURO,ALL,1981,72.24
,WHO_EURO,ALL,1982,72.48
,WHO_EURO,ALL,1983,72.4
,WHO_EURO,ALL,1984,72.45
,WHO_EURO,ALL,1985,72.58
,WHO_EURO,ALL,1986,73.17
,WHO_EURO,ALL,1987,73.33
,WHO_EURO,ALL,1988,73.3
,WHO_EURO,ALL,1989,73.41
,WHO_EURO,ALL,1990,73.4
,WHO_EURO,ALL,1991,73.31
,WHO_EURO,ALL,1992,73.21
,WHO_EURO,ALL,1993,72.62
,WHO_EURO,ALL,1994,72.59
,WHO_EURO,ALL,1995,72.75
,WHO_EURO,ALL,1996,73.17
,WHO_EURO,ALL,1997,73.62
,WHO_EURO,ALL,1998,73.86
,WHO_EURO,ALL,1999,73.83
,WHO_EURO,ALL,2000,73.98
,WHO_EURO,ALL,2001,74.21
,WHO_EURO,ALL,2002,74.22
,WHO_EURO,ALL,2003,74.23
,WHO_EURO,ALL,2004,74.73
,WHO_EURO,ALL,2005,74.79
,WHO_EURO,ALL,2006,75.4
,WHO_EURO,ALL,2007,75.72
,WHO_EURO,ALL,2008,75.98
,WHO_EURO,ALL,2009,76.41
,WHO_EURO,ALL,2010,76.73
,WHO_EURO,ALL,2011,77.15
,WHO_EURO,ALL,2012,77.5
,WHO_EURO,ALL,2013,77.7
,WHO_EURO,ALL,2014,77.98
,WHO_EURO,ALL,2015,77.93
,WHO_EURO,ALL,2016,78.23
,WHO_EURO,ALL,2017,78.35
,WHO_EURO,ALL,2019,78.79
,WHO_EURO,ALL,2020,78.29
,,,,
,,,,
,,,,
,,,,
,,,,
,,,,
,,,,
,,,,
,,,,
,,,,
,,,,
,,,,
,,,,
,,,,
,,,,
,,,,
,,,,
,,,,
,,,,
,,,,
,,,,
,,,,
,,,,
,,,,
,,,,
Last update,2024.10.07 14:30:53 GMT,,,
Description,"Life expectancy at birth (years), by sex",,,
Reference link,https://dw.euro.who.int/api/v3/measures/HFA_43?lang=En,,,
,,,,
Copyright,,,,
© WHO Regional Office for Europe 2025. All rights reserved.,https://www.who.int/about/policies/publishing/copyright,,,
