"COUNTRY","COUNTRY_GRP","SEX","YEAR","VALUE"
"ALB","","ALL","1961","66.11"
"ALB","","ALL","1962","66.12"
"ALB","","ALL","1963","64.58"
"ALB","","ALL","1964","65.59"
"ALB","","ALL","1965","66.63"
"ALB","","ALL","1966","64.92"
"ALB","","ALL","1967","66.39"
"ALB","","ALL","1968","67.72"
"ALB","","ALL","1969","68.97"
"ALB","","ALL","1970","69.46"
"ALB","","ALL","1971","69.16"
"ALB","","ALL","1972","70.68"
"ALB","","ALL","1973","71.02"
"ALB","","ALL","1974","72.73"
"ALB","","ALL","1975","71.49"
"ALB","","ALL","1976","77.71"
"ALB","","ALL","1977","81.38"
"ALB","","ALL","1978","79.4"
"ALB","","ALL","1979","75.79"
"ALB","","ALL","1980","75.89"
"ALB","","ALL","1981","79.11"
"ALB","","ALL","1982","79.05"
"ALB","","ALL","1983","82.78"
"ALB","","ALL","1984","80.89"
"ALB","","ALL","1985","76.32"
"ALB","","ALL","1986","79.89"
"ALB","","ALL","1987","73.83"
"ALB","","ALL","1988","77.26"
"ALB","","ALL","1989","77.02"
"ALB","","ALL","1990","77.62"
"ALB","","ALL","1991","78.73"
"ALB","","ALL","1992","85.19"
"ALB","","ALL","1993","88.74"
"ALB","","ALL","1994","94.08"
"ALB","","ALL","1995","89.77"
"ALB","","ALL","1996","94.47"
"ALB","","ALL","1997","89.03"
"ALB","","ALL","1998","88.42"
"ALB","","ALL","1999","92.76"
"ALB","","ALL","2000","90.39"
"ALB","","ALL","2001","92.83"
"ALB","","ALL","2002","97.92"
"ALB","","ALL","2003","95.79"
"ALB","","ALL","2004","95.27"
"ALB","","ALL","2005","98.24"
"ALB","","ALL","2006","97.63"
"ALB","","ALL","2007","97.28"
"ALB","","ALL","2008","101.95"
"ALB","","ALL","2009","101.91"
"ALB","","ALL","2010","105.59"
"ALB","","ALL","2011","108.04"
"ALB","","ALL","2012","108.89"
"ALB","","ALL","2013","110.29"
"ALB","","ALL","2014","109.59"
"ALB","","ALL","2015","111.67"
"ALB","","ALL","2016","114.32"
"ALB","","ALL","2017","114.72"
"ALB","","ALL","2018","112.89"
"ALB","","ALL","2019","116.02"
"ARM","","ALL","1992","63.58"
"ARM","","ALL","1993","58.53"
"ARM","","ALL","1994","61.59"
"ARM","","ALL","1995","61.64"
"ARM","","ALL","1996","63.29"
"ARM","","ALL","1997","64.89"
"ARM","","ALL","1998","66.31"
"ARM","","ALL","1999","66.5"
"ARM","","ALL","2000","65.33"
"ARM","","ALL","2001","65.25"
"ARM","","ALL","2002","66.3"
"ARM","","ALL","2003","70.15"
"ARM","","ALL","2004","75.06"
"ARM","","ALL","2005","77.37"
"ARM","","ALL","2006","80.89"
"ARM","","ALL","2007","82.22"
"ARM","","ALL","2008","87.6"
"ARM","","ALL","2009","84.58"
"ARM","","ALL","2010","87.43"
"ARM","","ALL","2011","90.79"
"ARM","","ALL","2012","90.93"
"ARM","","ALL","2013","93.28"
"ARM","","ALL","2014","97.48"
"ARM","","ALL","2015","97.44"
"ARM","","ALL","2016","97.19"
"ARM","","ALL","2017","97.7"
"ARM","","ALL","2018","97.38"
"ARM","","ALL","2019","94.29"
"AUT","","ALL","1961","88.77"
"AUT","","ALL","1962","89.72"
"AUT","","ALL","1963","90.36"
"AUT","","ALL","1964","91.18"
"AUT","","ALL","1965","89.69"
"AUT","","ALL","1966","89.06"
"AUT","","ALL","1967","88.97"
"AUT","","ALL","1968","89.79"
"AUT","","ALL","1969","89.23"
"AUT","","ALL","1970","89.37"
"AUT","","ALL","1971","90.05"
"AUT","","ALL","1972","90.65"
"AUT","","ALL","1973","91.07"
"AUT","","ALL","1974","89.4"
"AUT","","ALL","1975","90.55"
"AUT","","ALL","1976","92.45"
"AUT","","ALL","1977","91.17"
"AUT","","ALL","1978","93.14"
"AUT","","ALL","1979","94.76"
"AUT","","ALL","1980","94.95"
"AUT","","ALL","1981","96.98"
"AUT","","ALL","1982","95.82"
"AUT","","ALL","1983","95.85"
"AUT","","ALL","1984","95.98"
"AUT","","ALL","1985","96.06"
"AUT","","ALL","1986","97.74"
"AUT","","ALL","1987","98.73"
"AUT","","ALL","1988","97.91"
"AUT","","ALL","1989","100.62"
"AUT","","ALL","1990","102.46"
"AUT","","ALL","1991","103.15"
"AUT","","ALL","1992","103.95"
"AUT","","ALL","1993","102.52"
"AUT","","ALL","1994","104.88"
"AUT","","ALL","1995","100.54"
"AUT","","ALL","1996","103.21"
"AUT","","ALL","1997","100.08"
"AUT","","ALL","1998","103.98"
"AUT","","ALL","1999","105.49"
"AUT","","ALL","2000","106.03"
"AUT","","ALL","2001","106.89"
"AUT","","ALL","2002","106.05"
"AUT","","ALL","2003","102.09"
"AUT","","ALL","2004","100.49"
"AUT","","ALL","2005","102.69"
"AUT","","ALL","2006","101.46"
"AUT","","ALL","2007","103.67"
"AUT","","ALL","2008","101.78"
"AUT","","ALL","2009","102.36"
"AUT","","ALL","2010","106.24"
"AUT","","ALL","2011","107.3"
"AUT","","ALL","2012","102.78"
"AUT","","ALL","2013","105.03"
"AUT","","ALL","2014","106.52"
"AUT","","ALL","2015","107.08"
"AUT","","ALL","2016","109.6"
"AUT","","ALL","2017","107.42"
"AUT","","ALL","2018","109.71"
"AUT","","ALL","2019","108.95"
"AZE","","ALL","1992","69.39"
"AZE","","ALL","1993","67.43"
"AZE","","ALL","1994","62.92"
"AZE","","ALL","1995","62.14"
"AZE","","ALL","1996","62.6"
"AZE","","ALL","1997","60.18"
"AZE","","ALL","1998","63.33"
"AZE","","ALL","1999","64.98"
"AZE","","ALL","2000","67.17"
"AZE","","ALL","2001","68.95"
"AZE","","ALL","2002","70.88"
"AZE","","ALL","2003","73.1"
"AZE","","ALL","2004","75.24"
"AZE","","ALL","2005","81.91"
"AZE","","ALL","2006","86.7"
"AZE","","ALL","2007","87.76"
"AZE","","ALL","2008","89.07"
"AZE","","ALL","2009","89.37"
"AZE","","ALL","2010","91.09"
"AZE","","ALL","2011","92.41"
"AZE","","ALL","2012","91.38"
"AZE","","ALL","2013","92.48"
"AZE","","ALL","2014","91.75"
"AZE","","ALL","2015","90.77"
"AZE","","ALL","2016","90.9"
"AZE","","ALL","2017","92.41"
"AZE","","ALL","2018","94.62"
"AZE","","ALL","2019","95.92"
"BEL","","ALL","2000","96.58"
"BEL","","ALL","2001","100.83"
"BEL","","ALL","2002","100.64"
"BEL","","ALL","2003","99.47"
"BEL","","ALL","2004","99.25"
"BEL","","ALL","2005","99.26"
"BEL","","ALL","2006","100.12"
"BEL","","ALL","2007","101.18"
"BEL","","ALL","2008","98.38"
"BEL","","ALL","2009","96.11"
"BEL","","ALL","2010","96.93"
"BEL","","ALL","2011","96.58"
"BEL","","ALL","2012","98.96"
"BEL","","ALL","2013","99.6"
"BEL","","ALL","2014","98.48"
"BEL","","ALL","2015","98.93"
"BEL","","ALL","2016","99.82"
"BEL","","ALL","2017","98.52"
"BEL","","ALL","2018","98.08"
"BEL","","ALL","2019","100.34"
"BGR","","ALL","1961","90.69"
"BGR","","ALL","1962","90.29"
"BGR","","ALL","1963","91.52"
"BGR","","ALL","1964","92.66"
"BGR","","ALL","1965","95.41"
"BGR","","ALL","1966","98.22"
"BGR","","ALL","1967","96.81"
"BGR","","ALL","1968","94.54"
"BGR","","ALL","1969","94.98"
"BGR","","ALL","1970","94.12"
"BGR","","ALL","1971","96.48"
"BGR","","ALL","1972","97.61"
"BGR","","ALL","1973","96.05"
"BGR","","ALL","1974","97.38"
"BGR","","ALL","1975","100.28"
"BGR","","ALL","1976","102.87"
"BGR","","ALL","1977","100.35"
"BGR","","ALL","1978","102.14"
"BGR","","ALL","1979","102.87"
"BGR","","ALL","1980","103.41"
"BGR","","ALL","1981","105.47"
"BGR","","ALL","1982","105.68"
"BGR","","ALL","1983","106.09"
"BGR","","ALL","1984","107.1"
"BGR","","ALL","1985","106.94"
"BGR","","ALL","1986","108.31"
"BGR","","ALL","1987","110.23"
"BGR","","ALL","1988","111.2"
"BGR","","ALL","1989","110.45"
"BGR","","ALL","1990","95.7"
"BGR","","ALL","1991","90.94"
"BGR","","ALL","1992","86.52"
"BGR","","ALL","1993","87.69"
"BGR","","ALL","1994","85.32"
"BGR","","ALL","1995","87.12"
"BGR","","ALL","1996","83.22"
"BGR","","ALL","1997","82.36"
"BGR","","ALL","1998","89.86"
"BGR","","ALL","1999","88.93"
"BGR","","ALL","2000","85.79"
"BGR","","ALL","2001","84.36"
"BGR","","ALL","2002","81.87"
"BGR","","ALL","2003","78.55"
"BGR","","ALL","2004","80.13"
"BGR","","ALL","2005","77.82"
"BGR","","ALL","2006","79.75"
"BGR","","ALL","2007","76.13"
"BGR","","ALL","2008","80.01"
"BGR","","ALL","2009","80.48"
"BGR","","ALL","2010","80.4"
"BGR","","ALL","2011","80.71"
"BGR","","ALL","2012","81.4"
"BGR","","ALL","2013","82.14"
"BGR","","ALL","2014","85.53"
"BGR","","ALL","2015","81.67"
"BGR","","ALL","2016","85.12"
"BGR","","ALL","2017","85.49"
"BGR","","ALL","2018","83.59"
"BGR","","ALL","2019","82.24"
"BIH","","ALL","1992","68.31"
"BIH","","ALL","1993","73.03"
"BIH","","ALL","1994","79.56"
"BIH","","ALL","1995","79.74"
"BIH","","ALL","1996","83.28"
"BIH","","ALL","1997","89.99"
"BIH","","ALL","1998","88.66"
"BIH","","ALL","1999","83.8"
"BIH","","ALL","2000","77.41"
"BIH","","ALL","2001","79.59"
"BIH","","ALL","2002","82.81"
"BIH","","ALL","2003","81.25"
"BIH","","ALL","2004","89.01"
"BIH","","ALL","2005","87.6"
"BIH","","ALL","2006","86.62"
"BIH","","ALL","2007","88.47"
"BIH","","ALL","2008","90.86"
"BIH","","ALL","2009","90.19"
"BIH","","ALL","2010","88.55"
"BIH","","ALL","2011","88.98"
"BIH","","ALL","2012","90.51"
"BIH","","ALL","2013","90.04"
"BIH","","ALL","2014","93.36"
"BIH","","ALL","2015","97.41"
"BIH","","ALL","2016","98.54"
"BIH","","ALL","2017","97.07"
"BIH","","ALL","2018","99.29"
"BIH","","ALL","2019","98.21"
"BLR","","ALL","1992","96.55"
"BLR","","ALL","1993","99.15"
"BLR","","ALL","1994","96.15"
"BLR","","ALL","1995","94.95"
"BLR","","ALL","1996","96.76"
"BLR","","ALL","1997","95.67"
"BLR","","ALL","1998","95.3"
"BLR","","ALL","1999","91.98"
"BLR","","ALL","2000","86.75"
"BLR","","ALL","2001","88.46"
"BLR","","ALL","2002","86.31"
"BLR","","ALL","2003","85.38"
"BLR","","ALL","2004","87.21"
"BLR","","ALL","2005","89.1"
"BLR","","ALL","2006","90.99"
"BLR","","ALL","2007","92.01"
"BLR","","ALL","2008","90.86"
"BLR","","ALL","2009","91.56"
"BLR","","ALL","2010","92.34"
"BLR","","ALL","2011","91.27"
"BLR","","ALL","2012","92.05"
"BLR","","ALL","2013","90.66"
"BLR","","ALL","2014","91.1"
"BLR","","ALL","2015","88.64"
"BLR","","ALL","2016","88.87"
"BLR","","ALL","2017","89.33"
"BLR","","ALL","2018","90.13"
"BLR","","ALL","2019","91.65"
"","CARINFONET","ALL","1992","80.89"
"","CARINFONET","ALL","1993","81.48"
"","CARINFONET","ALL","1994","84.11"
"","CARINFONET","ALL","1995","80.24"
"","CARINFONET","ALL","1996","78.28"
"","CARINFONET","ALL","1997","79.5"
"","CARINFONET","ALL","1998","73.17"
"","CARINFONET","ALL","1999","69.41"
"","CARINFONET","ALL","2000","69.61"
"","CARINFONET","ALL","2001","70.44"
"","CARINFONET","ALL","2002","73.87"
"","CARINFONET","ALL","2003","76.56"
"","CARINFONET","ALL","2004","76.73"
"","CARINFONET","ALL","2005","77.82"
"","CARINFONET","ALL","2006","78.7"
"","CARINFONET","ALL","2007","78.36"
"","CARINFONET","ALL","2008","80.1"
"","CARINFONET","ALL","2009","81.03"
"","CARINFONET","ALL","2010","85.63"
"","CARINFONET","ALL","2011","87.18"
"","CARINFONET","ALL","2012","88.84"
"","CARINFONET","ALL","2013","90.38"
"","CARINFONET","ALL","2014","91.05"
"","CARINFONET","ALL","2015","92.22"
"","CARINFONET","ALL","2016","93.15"
"","CARINFONET","ALL","2017","93.6"
"","CARINFONET","ALL","2018","95.41"
"","CARINFONET","ALL","2019","95.63"
"CHE","","ALL","1961","94.98"
"CHE","","ALL","1962","89.96"
"CHE","","ALL","1963","91.29"
"CHE","","ALL","1964","90.83"
"CHE","","ALL","1965","91.93"
"CHE","","ALL","1966","89.93"
"CHE","","ALL","1967","87.39"
"CHE","","ALL","1968","89.14"
"CHE","","ALL","1969","89.58"
"CHE","","ALL","1970","91.81"
"CHE","","ALL","1971","90.24"
"CHE","","ALL","1972","92.28"
"CHE","","ALL","1973","93.12"
"CHE","","ALL","1974","90.17"
"CHE","","ALL","1975","88.48"
"CHE","","ALL","1976","92.03"
"CHE","","ALL","1977","95.99"
"CHE","","ALL","1978","98.43"
"CHE","","ALL","1979","95.1"
"CHE","","ALL","1980","98.51"
"CHE","","ALL","1981","99.87"
"CHE","","ALL","1982","98.87"
"CHE","","ALL","1983","96.43"
"CHE","","ALL","1984","97.99"
"CHE","","ALL","1985","98.75"
"CHE","","ALL","1986","98.17"
"CHE","","ALL","1987","99.77"
"CHE","","ALL","1988","97.63"
"CHE","","ALL","1989","98.05"
"CHE","","ALL","1990","99.34"
"CHE","","ALL","1991","99.28"
"CHE","","ALL","1992","99.38"
"CHE","","ALL","1993","96.93"
"CHE","","ALL","1994","96.57"
"CHE","","ALL","1995","94.43"
"CHE","","ALL","1996","93.48"
"CHE","","ALL","1997","93.35"
"CHE","","ALL","1998","95.1"
"CHE","","ALL","1999","92.76"
"CHE","","ALL","2000","95.85"
"CHE","","ALL","2001","94.74"
"CHE","","ALL","2002","93.77"
"CHE","","ALL","2003","93.7"
"CHE","","ALL","2004","92.76"
"CHE","","ALL","2005","91.92"
"CHE","","ALL","2006","92.23"
"CHE","","ALL","2007","94.02"
"CHE","","ALL","2008","93.42"
"CHE","","ALL","2009","94.64"
"CHE","","ALL","2010","94.71"
"CHE","","ALL","2011","95.53"
"CHE","","ALL","2012","92.02"
"CHE","","ALL","2013","93"
"CHE","","ALL","2014","96.99"
"CHE","","ALL","2015","97.29"
"CHE","","ALL","2016","96.67"
"CHE","","ALL","2017","96.92"
"CHE","","ALL","2018","97.32"
"CHE","","ALL","2019","97.16"
"","CIS","ALL","1992","88.91"
"","CIS","ALL","1993","87.96"
"","CIS","ALL","1994","87.13"
"","CIS","ALL","1995","85.19"
"","CIS","ALL","1996","82.15"
"","CIS","ALL","1997","84.33"
"","CIS","ALL","1998","83.16"
"","CIS","ALL","1999","80.98"
"","CIS","ALL","2000","80.27"
"","CIS","ALL","2001","81.6"
"","CIS","ALL","2002","83.83"
"","CIS","ALL","2003","84.96"
"","CIS","ALL","2004","86.23"
"","CIS","ALL","2005","88.82"
"","CIS","ALL","2006","89.8"
"","CIS","ALL","2007","91.32"
"","CIS","ALL","2008","92.74"
"","CIS","ALL","2009","92.21"
"","CIS","ALL","2010","94.18"
"","CIS","ALL","2011","95.01"
"","CIS","ALL","2012","96.62"
"","CIS","ALL","2013","96.9"
"","CIS","ALL","2014","95.87"
"","CIS","ALL","2015","95.92"
"","CIS","ALL","2016","96.1"
"","CIS","ALL","2017","97.05"
"","CIS","ALL","2018","97.66"
"","CIS","ALL","2019","98.99"
"CYP","","ALL","1961","66.86"
"CYP","","ALL","1962","68.68"
"CYP","","ALL","1963","69.57"
"CYP","","ALL","1964","72.63"
"CYP","","ALL","1965","72.95"
"CYP","","ALL","1966","75.67"
"CYP","","ALL","1967","80.92"
"CYP","","ALL","1968","82.56"
"CYP","","ALL","1969","87.9"
"CYP","","ALL","1970","84.57"
"CYP","","ALL","1971","86.63"
"CYP","","ALL","1972","81.64"
"CYP","","ALL","1973","83.34"
"CYP","","ALL","1974","72.59"
"CYP","","ALL","1975","64.93"
"CYP","","ALL","1976","66.36"
"CYP","","ALL","1977","67.37"
"CYP","","ALL","1978","66.68"
"CYP","","ALL","1979","68.32"
"CYP","","ALL","1980","68.72"
"CYP","","ALL","1981","70.35"
"CYP","","ALL","1982","71.62"
"CYP","","ALL","1983","77.09"
"CYP","","ALL","1984","77.86"
"CYP","","ALL","1985","79.98"
"CYP","","ALL","1986","81.18"
"CYP","","ALL","1987","83.01"
"CYP","","ALL","1988","82.43"
"CYP","","ALL","1989","85.79"
"CYP","","ALL","1990","85.28"
"CYP","","ALL","1991","81.29"
"CYP","","ALL","1992","88.82"
"CYP","","ALL","1993","86.51"
"CYP","","ALL","1994","86"
"CYP","","ALL","1995","88.9"
"CYP","","ALL","1996","84.67"
"CYP","","ALL","1997","84.42"
"CYP","","ALL","1998","86.52"
"CYP","","ALL","1999","87.1"
"CYP","","ALL","2000","85.13"
"CYP","","ALL","2001","85.26"
"CYP","","ALL","2002","84.75"
"CYP","","ALL","2003","80.14"
"CYP","","ALL","2004","80.56"
"CYP","","ALL","2005","78.53"
"CYP","","ALL","2006","76.29"
"CYP","","ALL","2007","80.9"
"CYP","","ALL","2008","81.82"
"CYP","","ALL","2009","79.22"
"CYP","","ALL","2010","94.83"
"CYP","","ALL","2011","95.67"
"CYP","","ALL","2012","95.01"
"CYP","","ALL","2013","92.74"
"CYP","","ALL","2014","91.87"
"CYP","","ALL","2015","92.51"
"CYP","","ALL","2016","92.21"
"CYP","","ALL","2017","92.82"
"CYP","","ALL","2018","92.18"
"CYP","","ALL","2019","92.38"
"CZE","","ALL","1993","92.75"
"CZE","","ALL","1994","88.36"
"CZE","","ALL","1995","93.14"
"CZE","","ALL","1996","95.59"
"CZE","","ALL","1997","93.31"
"CZE","","ALL","1998","96.91"
"CZE","","ALL","1999","91.4"
"CZE","","ALL","2000","90.29"
"CZE","","ALL","2001","92.84"
"CZE","","ALL","2002","92.97"
"CZE","","ALL","2003","92.99"
"CZE","","ALL","2004","96.08"
"CZE","","ALL","2005","99.33"
"CZE","","ALL","2006","95.26"
"CZE","","ALL","2007","95.06"
"CZE","","ALL","2008","93.79"
"CZE","","ALL","2009","92.58"
"CZE","","ALL","2010","92.81"
"CZE","","ALL","2011","90.81"
"CZE","","ALL","2012","86.83"
"CZE","","ALL","2013","87.44"
"CZE","","ALL","2014","87.44"
"CZE","","ALL","2015","87.39"
"CZE","","ALL","2016","88.58"
"CZE","","ALL","2017","86.94"
"CZE","","ALL","2018","86.4"
"CZE","","ALL","2019","86.77"
"DEU","","ALL","1961","79.25"
"DEU","","ALL","1962","80.81"
"DEU","","ALL","1963","80.09"
"DEU","","ALL","1964","82.13"
"DEU","","ALL","1965","83.39"
"DEU","","ALL","1966","82.86"
"DEU","","ALL","1967","83.53"
"DEU","","ALL","1968","84.86"
"DEU","","ALL","1969","85.18"
"DEU","","ALL","1970","86.61"
"DEU","","ALL","1971","87.08"
"DEU","","ALL","1972","87.47"
"DEU","","ALL","1973","88.36"
"DEU","","ALL","1974","88.56"
"DEU","","ALL","1975","88.94"
"DEU","","ALL","1976","89.84"
"DEU","","ALL","1977","89.31"
"DEU","","ALL","1978","92.76"
"DEU","","ALL","1979","93.28"
"DEU","","ALL","1980","95.12"
"DEU","","ALL","1981","94.29"
"DEU","","ALL","1982","94.84"
"DEU","","ALL","1983","96.91"
"DEU","","ALL","1984","98.31"
"DEU","","ALL","1985","98.75"
"DEU","","ALL","1986","98.96"
"DEU","","ALL","1987","99.74"
"DEU","","ALL","1988","100.26"
"DEU","","ALL","1989","98.88"
"DEU","","ALL","1990","96.66"
"DEU","","ALL","1991","94.61"
"DEU","","ALL","1992","93.57"
"DEU","","ALL","1993","89.78"
"DEU","","ALL","1994","91.94"
"DEU","","ALL","1995","91.89"
"DEU","","ALL","1996","94.2"
"DEU","","ALL","1997","89.63"
"DEU","","ALL","1998","94.41"
"DEU","","ALL","1999","93.85"
"DEU","","ALL","2000","94.46"
"DEU","","ALL","2001","97.86"
"DEU","","ALL","2002","99"
"DEU","","ALL","2003","97.95"
"DEU","","ALL","2004","96.73"
"DEU","","ALL","2005","96.96"
"DEU","","ALL","2006","99.18"
"DEU","","ALL","2007","102.49"
"DEU","","ALL","2008","101.28"
"DEU","","ALL","2009","102.56"
"DEU","","ALL","2010","101.82"
"DEU","","ALL","2011","103.14"
"DEU","","ALL","2012","101.78"
"DEU","","ALL","2013","101.56"
"DEU","","ALL","2014","104.14"
"DEU","","ALL","2015","105.14"
"DEU","","ALL","2016","104.67"
"DEU","","ALL","2017","104.05"
"DEU","","ALL","2018","105.5"
"DEU","","ALL","2019","104.24"
"DNK","","ALL","1961","82.33"
"DNK","","ALL","1962","78.53"
"DNK","","ALL","1963","79.57"
"DNK","","ALL","1964","80.26"
"DNK","","ALL","1965","77.93"
"DNK","","ALL","1966","80.47"
"DNK","","ALL","1967","78.75"
"DNK","","ALL","1968","76.4"
"DNK","","ALL","1969","78.37"
"DNK","","ALL","1970","77.83"
"DNK","","ALL","1971","78.06"
"DNK","","ALL","1972","78.39"
"DNK","","ALL","1973","74.69"
"DNK","","ALL","1974","77.53"
"DNK","","ALL","1975","79.16"
"DNK","","ALL","1976","82.12"
"DNK","","ALL","1977","83.98"
"DNK","","ALL","1978","86.8"
"DNK","","ALL","1979","85.34"
"DNK","","ALL","1980","88.03"
"DNK","","ALL","1981","88.71"
"DNK","","ALL","1982","87.24"
"DNK","","ALL","1983","85.51"
"DNK","","ALL","1984","86.72"
"DNK","","ALL","1985","94.5"
"DNK","","ALL","1986","98.78"
"DNK","","ALL","1987","101.28"
"DNK","","ALL","1988","101.93"
"DNK","","ALL","1989","100.83"
"DNK","","ALL","1990","103.39"
"DNK","","ALL","1991","106.36"
"DNK","","ALL","1992","104.16"
"DNK","","ALL","1993","105.42"
"DNK","","ALL","1994","104.37"
"DNK","","ALL","1995","108.27"
"DNK","","ALL","1996","105.73"
"DNK","","ALL","1997","104.3"
"DNK","","ALL","1998","107.87"
"DNK","","ALL","1999","103.46"
"DNK","","ALL","2000","99.86"
"DNK","","ALL","2001","107.62"
"DNK","","ALL","2002","107.32"
"DNK","","ALL","2003","103.36"
"DNK","","ALL","2004","105.56"
"DNK","","ALL","2005","115.63"
"DNK","","ALL","2006","112.93"
"DNK","","ALL","2007","110.58"
"DNK","","ALL","2008","109.26"
"DNK","","ALL","2009","103.86"
"DNK","","ALL","2010","109.45"
"DNK","","ALL","2011","104.33"
"DNK","","ALL","2012","109.18"
"DNK","","ALL","2013","111.13"
"DNK","","ALL","2014","108.67"
"DNK","","ALL","2015","109.56"
"DNK","","ALL","2016","114.34"
"DNK","","ALL","2017","115.64"
"DNK","","ALL","2018","117.96"
"DNK","","ALL","2019","115.38"
"ESP","","ALL","1961","78.93"
"ESP","","ALL","1962","80.7"
"ESP","","ALL","1963","81.09"
"ESP","","ALL","1964","78.45"
"ESP","","ALL","1965","77.68"
"ESP","","ALL","1966","82.09"
"ESP","","ALL","1967","82.8"
"ESP","","ALL","1968","84.43"
"ESP","","ALL","1969","81.2"
"ESP","","ALL","1970","84.09"
"ESP","","ALL","1971","84.51"
"ESP","","ALL","1972","87.59"
"ESP","","ALL","1973","89.06"
"ESP","","ALL","1974","93.41"
"ESP","","ALL","1975","93.5"
"ESP","","ALL","1976","94.14"
"ESP","","ALL","1977","93.63"
"ESP","","ALL","1978","95.18"
"ESP","","ALL","1979","95.86"
"ESP","","ALL","1980","98.26"
"ESP","","ALL","1981","95.62"
"ESP","","ALL","1982","98.93"
"ESP","","ALL","1983","98.56"
"ESP","","ALL","1984","100"
"ESP","","ALL","1985","99.98"
"ESP","","ALL","1986","99.02"
"ESP","","ALL","1987","102.16"
"ESP","","ALL","1988","104.22"
"ESP","","ALL","1989","104.9"
"ESP","","ALL","1990","105.97"
"ESP","","ALL","1991","107.97"
"ESP","","ALL","1992","107.69"
"ESP","","ALL","1993","108.24"
"ESP","","ALL","1994","109.14"
"ESP","","ALL","1995","107.7"
"ESP","","ALL","1996","109.55"
"ESP","","ALL","1997","108.59"
"ESP","","ALL","1998","114.21"
"ESP","","ALL","1999","112.73"
"ESP","","ALL","2000","112.25"
"ESP","","ALL","2001","112.82"
"ESP","","ALL","2002","115.4"
"ESP","","ALL","2003","113.76"
"ESP","","ALL","2004","110.73"
"ESP","","ALL","2005","108.7"
"ESP","","ALL","2006","110.17"
"ESP","","ALL","2007","111.24"
"ESP","","ALL","2008","108.08"
"ESP","","ALL","2009","108.02"
"ESP","","ALL","2010","106.61"
"ESP","","ALL","2011","105.6"
"ESP","","ALL","2012","104.49"
"ESP","","ALL","2013","104.72"
"ESP","","ALL","2014","104.84"
"ESP","","ALL","2015","105.36"
"ESP","","ALL","2016","107.38"
"ESP","","ALL","2017","107.23"
"ESP","","ALL","2018","109.94"
"ESP","","ALL","2019","108.54"
"EST","","ALL","1992","103.08"
"EST","","ALL","1993","96.86"
"EST","","ALL","1994","97.13"
"EST","","ALL","1995","98.74"
"EST","","ALL","1996","97.61"
"EST","","ALL","1997","90.69"
"EST","","ALL","1998","89.57"
"EST","","ALL","1999","90.16"
"EST","","ALL","2000","88.97"
"EST","","ALL","2001","87.26"
"EST","","ALL","2002","92.37"
"EST","","ALL","2003","90.52"
"EST","","ALL","2004","84.91"
"EST","","ALL","2005","92.99"
"EST","","ALL","2006","93.64"
"EST","","ALL","2007","97.08"
"EST","","ALL","2008","100.68"
"EST","","ALL","2009","98.68"
"EST","","ALL","2010","98.43"
"EST","","ALL","2011","98.58"
"EST","","ALL","2012","96.48"
"EST","","ALL","2013","103.62"
"EST","","ALL","2014","100.22"
"EST","","ALL","2015","102.39"
"EST","","ALL","2016","103.01"
"EST","","ALL","2017","101.19"
"EST","","ALL","2018","104.16"
"EST","","ALL","2019","102.35"
"","EU_AFTER_MAY2004","ALL","1992","92.45"
"","EU_AFTER_MAY2004","ALL","1993","92.28"
"","EU_AFTER_MAY2004","ALL","1994","90.42"
"","EU_AFTER_MAY2004","ALL","1995","91.62"
"","EU_AFTER_MAY2004","ALL","1996","91.55"
"","EU_AFTER_MAY2004","ALL","1997","91.26"
"","EU_AFTER_MAY2004","ALL","1998","93.27"
"","EU_AFTER_MAY2004","ALL","1999","92.87"
"","EU_AFTER_MAY2004","ALL","2000","92.85"
"","EU_AFTER_MAY2004","ALL","2001","93.65"
"","EU_AFTER_MAY2004","ALL","2002","95.41"
"","EU_AFTER_MAY2004","ALL","2003","95.68"
"","EU_AFTER_MAY2004","ALL","2004","95.81"
"","EU_AFTER_MAY2004","ALL","2005","96.62"
"","EU_AFTER_MAY2004","ALL","2006","96.57"
"","EU_AFTER_MAY2004","ALL","2007","96.52"
"","EU_AFTER_MAY2004","ALL","2008","96.73"
"","EU_AFTER_MAY2004","ALL","2009","97.15"
"","EU_AFTER_MAY2004","ALL","2010","96.47"
"","EU_AFTER_MAY2004","ALL","2011","96"
"","EU_AFTER_MAY2004","ALL","2012","94.81"
"","EU_AFTER_MAY2004","ALL","2013","94.72"
"","EU_AFTER_MAY2004","ALL","2014","95.62"
"","EU_AFTER_MAY2004","ALL","2015","96.24"
"","EU_AFTER_MAY2004","ALL","2016","98.52"
"","EU_AFTER_MAY2004","ALL","2017","99.28"
"","EU_AFTER_MAY2004","ALL","2018","99.34"
"","EU_AFTER_MAY2004","ALL","2019","98.43"
"","EU_BEFORE_FEB2020","ALL","1970","92.8"
"","EU_BEFORE_FEB2020","ALL","1971","92.89"
"","EU_BEFORE_FEB2020","ALL","1972","93.54"
"","EU_BEFORE_FEB2020","ALL","1973","94.48"
"","EU_BEFORE_FEB2020","ALL","1974","94.93"
"","EU_BEFORE_FEB2020","ALL","1975","94.99"
"","EU_BEFORE_FEB2020","ALL","1976","95.71"
"","EU_BEFORE_FEB2020","ALL","1977","96.11"
"","EU_BEFORE_FEB2020","ALL","1978","97.46"
"","EU_BEFORE_FEB2020","ALL","1979","98.62"
"","EU_BEFORE_FEB2020","ALL","1980","99.14"
"","EU_BEFORE_FEB2020","ALL","1981","98.09"
"","EU_BEFORE_FEB2020","ALL","1982","97.5"
"","EU_BEFORE_FEB2020","ALL","1983","97.93"
"","EU_BEFORE_FEB2020","ALL","1984","99.1"
"","EU_BEFORE_FEB2020","ALL","1985","100.41"
"","EU_BEFORE_FEB2020","ALL","1986","100.58"
"","EU_BEFORE_FEB2020","ALL","1987","101.44"
"","EU_BEFORE_FEB2020","ALL","1988","102.19"
"","EU_BEFORE_FEB2020","ALL","1989","101.58"
"","EU_BEFORE_FEB2020","ALL","1990","101.39"
"","EU_BEFORE_FEB2020","ALL","1991","101.41"
"","EU_BEFORE_FEB2020","ALL","1992","100.51"
"","EU_BEFORE_FEB2020","ALL","1993","99.46"
"","EU_BEFORE_FEB2020","ALL","1994","99.46"
"","EU_BEFORE_FEB2020","ALL","1995","99.91"
"","EU_BEFORE_FEB2020","ALL","1996","101.09"
"","EU_BEFORE_FEB2020","ALL","1997","100.35"
"","EU_BEFORE_FEB2020","ALL","1998","103.13"
"","EU_BEFORE_FEB2020","ALL","1999","103.12"
"","EU_BEFORE_FEB2020","ALL","2000","103.24"
"","EU_BEFORE_FEB2020","ALL","2001","104.71"
"","EU_BEFORE_FEB2020","ALL","2002","105.33"
"","EU_BEFORE_FEB2020","ALL","2003","104.57"
"","EU_BEFORE_FEB2020","ALL","2004","104.25"
"","EU_BEFORE_FEB2020","ALL","2005","103.98"
"","EU_BEFORE_FEB2020","ALL","2006","104.58"
"","EU_BEFORE_FEB2020","ALL","2007","105.27"
"","EU_BEFORE_FEB2020","ALL","2008","104.76"
"","EU_BEFORE_FEB2020","ALL","2009","104.93"
"","EU_BEFORE_FEB2020","ALL","2010","104.83"
"","EU_BEFORE_FEB2020","ALL","2011","104.35"
"","EU_BEFORE_FEB2020","ALL","2012","103.79"
"","EU_BEFORE_FEB2020","ALL","2013","103.76"
"","EU_BEFORE_FEB2020","ALL","2014","103.32"
"","EU_BEFORE_FEB2020","ALL","2015","104.06"
"","EU_BEFORE_FEB2020","ALL","2016","104.85"
"","EU_BEFORE_FEB2020","ALL","2017","104.79"
"","EU_BEFORE_FEB2020","ALL","2018","105.55"
"","EU_BEFORE_FEB2020","ALL","2019","105.28"
"","EU_BEFORE_MAY2004","ALL","1970","92.79"
"","EU_BEFORE_MAY2004","ALL","1971","92.51"
"","EU_BEFORE_MAY2004","ALL","1972","93.06"
"","EU_BEFORE_MAY2004","ALL","1973","94.1"
"","EU_BEFORE_MAY2004","ALL","1974","94.17"
"","EU_BEFORE_MAY2004","ALL","1975","94.07"
"","EU_BEFORE_MAY2004","ALL","1976","94.69"
"","EU_BEFORE_MAY2004","ALL","1977","95.43"
"","EU_BEFORE_MAY2004","ALL","1978","96.79"
"","EU_BEFORE_MAY2004","ALL","1979","98.34"
"","EU_BEFORE_MAY2004","ALL","1980","98.87"
"","EU_BEFORE_MAY2004","ALL","1981","97.93"
"","EU_BEFORE_MAY2004","ALL","1982","98.47"
"","EU_BEFORE_MAY2004","ALL","1983","98.86"
"","EU_BEFORE_MAY2004","ALL","1984","100.36"
"","EU_BEFORE_MAY2004","ALL","1985","101.59"
"","EU_BEFORE_MAY2004","ALL","1986","101.64"
"","EU_BEFORE_MAY2004","ALL","1987","102.65"
"","EU_BEFORE_MAY2004","ALL","1988","103.5"
"","EU_BEFORE_MAY2004","ALL","1989","103.06"
"","EU_BEFORE_MAY2004","ALL","1990","103.25"
"","EU_BEFORE_MAY2004","ALL","1991","103.78"
"","EU_BEFORE_MAY2004","ALL","1992","102.95"
"","EU_BEFORE_MAY2004","ALL","1993","101.63"
"","EU_BEFORE_MAY2004","ALL","1994","102.17"
"","EU_BEFORE_MAY2004","ALL","1995","102.39"
"","EU_BEFORE_MAY2004","ALL","1996","103.93"
"","EU_BEFORE_MAY2004","ALL","1997","103.04"
"","EU_BEFORE_MAY2004","ALL","1998","106.03"
"","EU_BEFORE_MAY2004","ALL","1999","106.13"
"","EU_BEFORE_MAY2004","ALL","2000","106.27"
"","EU_BEFORE_MAY2004","ALL","2001","107.91"
"","EU_BEFORE_MAY2004","ALL","2002","108.16"
"","EU_BEFORE_MAY2004","ALL","2003","107.09"
"","EU_BEFORE_MAY2004","ALL","2004","106.62"
"","EU_BEFORE_MAY2004","ALL","2005","106.04"
"","EU_BEFORE_MAY2004","ALL","2006","106.79"
"","EU_BEFORE_MAY2004","ALL","2007","107.67"
"","EU_BEFORE_MAY2004","ALL","2008","106.95"
"","EU_BEFORE_MAY2004","ALL","2009","107.05"
"","EU_BEFORE_MAY2004","ALL","2010","107.09"
"","EU_BEFORE_MAY2004","ALL","2011","106.6"
"","EU_BEFORE_MAY2004","ALL","2012","106.19"
"","EU_BEFORE_MAY2004","ALL","2013","106.19"
"","EU_BEFORE_MAY2004","ALL","2014","105.35"
"","EU_BEFORE_MAY2004","ALL","2015","106.1"
"","EU_BEFORE_MAY2004","ALL","2016","106.49"
"","EU_BEFORE_MAY2004","ALL","2017","106.25"
"","EU_BEFORE_MAY2004","ALL","2018","107.2"
"","EU_BEFORE_MAY2004","ALL","2019","107.09"
"","EU_MEMBERS","ALL","1970","92.78"
"","EU_MEMBERS","ALL","1971","93.07"
"","EU_MEMBERS","ALL","1972","93.88"
"","EU_MEMBERS","ALL","1973","95.1"
"","EU_MEMBERS","ALL","1974","95.68"
"","EU_MEMBERS","ALL","1975","95.82"
"","EU_MEMBERS","ALL","1976","96.67"
"","EU_MEMBERS","ALL","1977","97.02"
"","EU_MEMBERS","ALL","1978","98.82"
"","EU_MEMBERS","ALL","1979","99.83"
"","EU_MEMBERS","ALL","1980","100.75"
"","EU_MEMBERS","ALL","1981","99.55"
"","EU_MEMBERS","ALL","1982","98.84"
"","EU_MEMBERS","ALL","1983","99.34"
"","EU_MEMBERS","ALL","1984","100.34"
"","EU_MEMBERS","ALL","1985","101.47"
"","EU_MEMBERS","ALL","1986","101.64"
"","EU_MEMBERS","ALL","1987","102.65"
"","EU_MEMBERS","ALL","1988","103.27"
"","EU_MEMBERS","ALL","1989","102.85"
"","EU_MEMBERS","ALL","1990","102.42"
"","EU_MEMBERS","ALL","1991","102.61"
"","EU_MEMBERS","ALL","1992","101.48"
"","EU_MEMBERS","ALL","1993","100.31"
"","EU_MEMBERS","ALL","1994","100.22"
"","EU_MEMBERS","ALL","1995","100.88"
"","EU_MEMBERS","ALL","1996","101.94"
"","EU_MEMBERS","ALL","1997","100.75"
"","EU_MEMBERS","ALL","1998","103.73"
"","EU_MEMBERS","ALL","1999","103.66"
"","EU_MEMBERS","ALL","2000","103.86"
"","EU_MEMBERS","ALL","2001","105.27"
"","EU_MEMBERS","ALL","2002","105.8"
"","EU_MEMBERS","ALL","2003","104.78"
"","EU_MEMBERS","ALL","2004","104.39"
"","EU_MEMBERS","ALL","2005","104.04"
"","EU_MEMBERS","ALL","2006","104.64"
"","EU_MEMBERS","ALL","2007","105.38"
"","EU_MEMBERS","ALL","2008","105.02"
"","EU_MEMBERS","ALL","2009","105.33"
"","EU_MEMBERS","ALL","2010","105.15"
"","EU_MEMBERS","ALL","2011","104.48"
"","EU_MEMBERS","ALL","2012","103.75"
"","EU_MEMBERS","ALL","2013","103.74"
"","EU_MEMBERS","ALL","2014","103.55"
"","EU_MEMBERS","ALL","2015","104.07"
"","EU_MEMBERS","ALL","2016","104.77"
"","EU_MEMBERS","ALL","2017","104.77"
"","EU_MEMBERS","ALL","2018","105.6"
"","EU_MEMBERS","ALL","2019","105.15"
"FIN","","ALL","1961","95.53"
"FIN","","ALL","1962","92.35"
"FIN","","ALL","1963","94.28"
"FIN","","ALL","1964","91.34"
"FIN","","ALL","1965","91.45"
"FIN","","ALL","1966","91.28"
"FIN","","ALL","1967","89.53"
"FIN","","ALL","1968","89.88"
"FIN","","ALL","1969","91.41"
"FIN","","ALL","1970","88.96"
"FIN","","ALL","1971","89.75"
"FIN","","ALL","1972","90.34"
"FIN","","ALL","1973","92.52"
"FIN","","ALL","1974","92.01"
"FIN","","ALL","1975","94.82"
"FIN","","ALL","1976","93.13"
"FIN","","ALL","1977","91.52"
"FIN","","ALL","1978","93.83"
"FIN","","ALL","1979","94.76"
"FIN","","ALL","1980","94.24"
"FIN","","ALL","1981","92.68"
"FIN","","ALL","1982","95.45"
"FIN","","ALL","1983","90.25"
"FIN","","ALL","1984","93.5"
"FIN","","ALL","1985","91.81"
"FIN","","ALL","1986","93.39"
"FIN","","ALL","1987","93.66"
"FIN","","ALL","1988","98.68"
"FIN","","ALL","1989","100.95"
"FIN","","ALL","1990","98.97"
"FIN","","ALL","1991","96.87"
"FIN","","ALL","1992","97.9"
"FIN","","ALL","1993","91.97"
"FIN","","ALL","1994","94.92"
"FIN","","ALL","1995","97.7"
"FIN","","ALL","1996","99.1"
"FIN","","ALL","1997","101.55"
"FIN","","ALL","1998","102.9"
"FIN","","ALL","1999","101.09"
"FIN","","ALL","2000","101.17"
"FIN","","ALL","2001","102.25"
"FIN","","ALL","2002","102.13"
"FIN","","ALL","2003","104.3"
"FIN","","ALL","2004","105.31"
"FIN","","ALL","2005","105.97"
"FIN","","ALL","2006","108.12"
"FIN","","ALL","2007","110.48"
"FIN","","ALL","2008","111.77"
"FIN","","ALL","2009","109.87"
"FIN","","ALL","2010","112.17"
"FIN","","ALL","2011","113.87"
"FIN","","ALL","2012","116.04"
"FIN","","ALL","2013","116.37"
"FIN","","ALL","2014","118.01"
"FIN","","ALL","2015","118.19"
"FIN","","ALL","2016","117.63"
"FIN","","ALL","2017","118.22"
"FIN","","ALL","2018","118.54"
"FIN","","ALL","2019","117.47"
"FRA","","ALL","1961","103"
"FRA","","ALL","1962","103.6"
"FRA","","ALL","1963","103.1"
"FRA","","ALL","1964","101.64"
"FRA","","ALL","1965","102.33"
"FRA","","ALL","1966","101.44"
"FRA","","ALL","1967","101.91"
"FRA","","ALL","1968","104.32"
"FRA","","ALL","1969","103.43"
"FRA","","ALL","1970","104.61"
"FRA","","ALL","1971","103.14"
"FRA","","ALL","1972","102.97"
"FRA","","ALL","1973","102.81"
"FRA","","ALL","1974","103"
"FRA","","ALL","1975","103.13"
"FRA","","ALL","1976","104.35"
"FRA","","ALL","1977","108.44"
"FRA","","ALL","1978","109.74"
"FRA","","ALL","1979","112.18"
"FRA","","ALL","1980","112.38"
"FRA","","ALL","1981","112.91"
"FRA","","ALL","1982","113.26"
"FRA","","ALL","1983","113.85"
"FRA","","ALL","1984","113.7"
"FRA","","ALL","1985","116.64"
"FRA","","ALL","1986","115.39"
"FRA","","ALL","1987","115.81"
"FRA","","ALL","1988","116.34"
"FRA","","ALL","1989","116.21"
"FRA","","ALL","1990","115.73"
"FRA","","ALL","1991","118.4"
"FRA","","ALL","1992","115.34"
"FRA","","ALL","1993","114.07"
"FRA","","ALL","1994","112.66"
"FRA","","ALL","1995","115.01"
"FRA","","ALL","1996","114.76"
"FRA","","ALL","1997","115.57"
"FRA","","ALL","1998","117.27"
"FRA","","ALL","1999","116.85"
"FRA","","ALL","2000","117.45"
"FRA","","ALL","2001","119.08"
"FRA","","ALL","2002","118.87"
"FRA","","ALL","2003","116.25"
"FRA","","ALL","2004","114.1"
"FRA","","ALL","2005","111.29"
"FRA","","ALL","2006","110.98"
"FRA","","ALL","2007","110.6"
"FRA","","ALL","2008","112.58"
"FRA","","ALL","2009","111.19"
"FRA","","ALL","2010","112.42"
"FRA","","ALL","2011","111.02"
"FRA","","ALL","2012","110.47"
"FRA","","ALL","2013","109.89"
"FRA","","ALL","2014","107.14"
"FRA","","ALL","2015","108.88"
"FRA","","ALL","2016","109.56"
"FRA","","ALL","2017","109.36"
"FRA","","ALL","2018","108.5"
"FRA","","ALL","2019","109.73"
"GBR","","ALL","1961","91.22"
"GBR","","ALL","1962","92.85"
"GBR","","ALL","1963","92.64"
"GBR","","ALL","1964","93.15"
"GBR","","ALL","1965","92.19"
"GBR","","ALL","1966","91.27"
"GBR","","ALL","1967","91.2"
"GBR","","ALL","1968","91.6"
"GBR","","ALL","1969","91.87"
"GBR","","ALL","1970","92.95"
"GBR","","ALL","1971","91.64"
"GBR","","ALL","1972","91.2"
"GBR","","ALL","1973","90.16"
"GBR","","ALL","1974","89.66"
"GBR","","ALL","1975","89.1"
"GBR","","ALL","1976","88.83"
"GBR","","ALL","1977","89.6"
"GBR","","ALL","1978","87.66"
"GBR","","ALL","1979","89.82"
"GBR","","ALL","1980","87.47"
"GBR","","ALL","1981","87.42"
"GBR","","ALL","1982","87.7"
"GBR","","ALL","1983","87.65"
"GBR","","ALL","1984","89.98"
"GBR","","ALL","1985","92.65"
"GBR","","ALL","1986","92.76"
"GBR","","ALL","1987","92.55"
"GBR","","ALL","1988","94.25"
"GBR","","ALL","1989","92.27"
"GBR","","ALL","1990","93.86"
"GBR","","ALL","1991","92.62"
"GBR","","ALL","1992","93.37"
"GBR","","ALL","1993","93.25"
"GBR","","ALL","1994","93.89"
"GBR","","ALL","1995","92.82"
"GBR","","ALL","1996","94.9"
"GBR","","ALL","1997","97.38"
"GBR","","ALL","1998","98.71"
"GBR","","ALL","1999","99.17"
"GBR","","ALL","2000","98.79"
"GBR","","ALL","2001","100.71"
"GBR","","ALL","2002","101.9"
"GBR","","ALL","2003","103.08"
"GBR","","ALL","2004","103.21"
"GBR","","ALL","2005","103.57"
"GBR","","ALL","2006","104.08"
"GBR","","ALL","2007","104.45"
"GBR","","ALL","2008","102.88"
"GBR","","ALL","2009","102.09"
"GBR","","ALL","2010","102.55"
"GBR","","ALL","2011","103.48"
"GBR","","ALL","2012","104.11"
"GBR","","ALL","2013","103.88"
"GBR","","ALL","2014","101.74"
"GBR","","ALL","2015","103.99"
"GBR","","ALL","2016","105.35"
"GBR","","ALL","2017","104.96"
"GBR","","ALL","2018","105.25"
"GBR","","ALL","2019","106.19"
"GEO","","ALL","1992","58.56"
"GEO","","ALL","1993","57.14"
"GEO","","ALL","1994","58.2"
"GEO","","ALL","1995","72.74"
"GEO","","ALL","1996","73.4"
"GEO","","ALL","1997","77.35"
"GEO","","ALL","1998","77.08"
"GEO","","ALL","1999","78.63"
"GEO","","ALL","2000","74.22"
"GEO","","ALL","2001","74.46"
"GEO","","ALL","2002","79.43"
"GEO","","ALL","2003","83.37"
"GEO","","ALL","2004","83.61"
"GEO","","ALL","2005","85.56"
"GEO","","ALL","2006","75.82"
"GEO","","ALL","2007","77.63"
"GEO","","ALL","2008","79.78"
"GEO","","ALL","2009","75.17"
"GEO","","ALL","2010","78.26"
"GEO","","ALL","2011","77.56"
"GEO","","ALL","2012","77.02"
"GEO","","ALL","2013","77.81"
"GEO","","ALL","2014","76.83"
"GEO","","ALL","2015","76.68"
"GEO","","ALL","2016","75.93"
"GEO","","ALL","2017","74.95"
"GEO","","ALL","2018","77.64"
"GEO","","ALL","2019","79.11"
"GRC","","ALL","1961","83.72"
"GRC","","ALL","1962","83.57"
"GRC","","ALL","1963","86.61"
"GRC","","ALL","1964","88.36"
"GRC","","ALL","1965","92.51"
"GRC","","ALL","1966","92.78"
"GRC","","ALL","1967","95.65"
"GRC","","ALL","1968","94.63"
"GRC","","ALL","1969","96.86"
"GRC","","ALL","1970","100.03"
"GRC","","ALL","1971","98.69"
"GRC","","ALL","1972","98.84"
"GRC","","ALL","1973","106.56"
"GRC","","ALL","1974","104.69"
"GRC","","ALL","1975","105.62"
"GRC","","ALL","1976","106.19"
"GRC","","ALL","1977","104.37"
"GRC","","ALL","1978","106.79"
"GRC","","ALL","1979","106.8"
"GRC","","ALL","1980","102.95"
"GRC","","ALL","1981","105.68"
"GRC","","ALL","1982","108.34"
"GRC","","ALL","1983","108.26"
"GRC","","ALL","1984","111.21"
"GRC","","ALL","1985","109.4"
"GRC","","ALL","1986","106.01"
"GRC","","ALL","1987","109.42"
"GRC","","ALL","1988","109.35"
"GRC","","ALL","1989","113.64"
"GRC","","ALL","1990","111.81"
"GRC","","ALL","1991","112.57"
"GRC","","ALL","1992","112.48"
"GRC","","ALL","1993","112.07"
"GRC","","ALL","1994","113.09"
"GRC","","ALL","1995","113.34"
"GRC","","ALL","1996","113.03"
"GRC","","ALL","1997","113.38"
"GRC","","ALL","1998","112.12"
"GRC","","ALL","1999","116.24"
"GRC","","ALL","2000","120.78"
"GRC","","ALL","2001","115.32"
"GRC","","ALL","2002","113.87"
"GRC","","ALL","2003","117.79"
"GRC","","ALL","2004","117.27"
"GRC","","ALL","2005","114.54"
"GRC","","ALL","2006","113.64"
"GRC","","ALL","2007","115.11"
"GRC","","ALL","2008","111.93"
"GRC","","ALL","2009","113.27"
"GRC","","ALL","2010","111.75"
"GRC","","ALL","2011","108.83"
"GRC","","ALL","2012","107.45"
"GRC","","ALL","2013","107.95"
"GRC","","ALL","2014","109.06"
"GRC","","ALL","2015","106.23"
"GRC","","ALL","2016","105.05"
"GRC","","ALL","2017","105.99"
"GRC","","ALL","2018","109.73"
"GRC","","ALL","2019","107.35"
"HRV","","ALL","1992","59.5"
"HRV","","ALL","1993","57.5"
"HRV","","ALL","1994","59.67"
"HRV","","ALL","1995","64.49"
"HRV","","ALL","1996","63.93"
"HRV","","ALL","1997","63.34"
"HRV","","ALL","1998","62.56"
"HRV","","ALL","1999","66.57"
"HRV","","ALL","2000","66.69"
"HRV","","ALL","2001","72.34"
"HRV","","ALL","2002","76.18"
"HRV","","ALL","2003","75.65"
"HRV","","ALL","2004","75.24"
"HRV","","ALL","2005","78.13"
"HRV","","ALL","2006","80.49"
"HRV","","ALL","2007","81.54"
"HRV","","ALL","2008","82.62"
"HRV","","ALL","2009","84.17"
"HRV","","ALL","2010","80.68"
"HRV","","ALL","2011","81.74"
"HRV","","ALL","2012","83.55"
"HRV","","ALL","2013","84.37"
"HRV","","ALL","2014","84.79"
"HRV","","ALL","2015","87.81"
"HRV","","ALL","2016","89.82"
"HRV","","ALL","2017","90.69"
"HRV","","ALL","2018","92.06"
"HRV","","ALL","2019","93.51"
"HUN","","ALL","1961","84.97"
"HUN","","ALL","1962","91.77"
"HUN","","ALL","1963","91.4"
"HUN","","ALL","1964","90.39"
"HUN","","ALL","1965","92.95"
"HUN","","ALL","1966","96.12"
"HUN","","ALL","1967","92.03"
"HUN","","ALL","1968","92.02"
"HUN","","ALL","1969","96.22"
"HUN","","ALL","1970","95.47"
"HUN","","ALL","1971","95.42"
"HUN","","ALL","1972","94.93"
"HUN","","ALL","1973","95.38"
"HUN","","ALL","1974","99.95"
"HUN","","ALL","1975","99.29"
"HUN","","ALL","1976","100.68"
"HUN","","ALL","1977","97.48"
"HUN","","ALL","1978","99.83"
"HUN","","ALL","1979","98.04"
"HUN","","ALL","1980","102.25"
"HUN","","ALL","1981","101.64"
"HUN","","ALL","1982","101.43"
"HUN","","ALL","1983","102.77"
"HUN","","ALL","1984","103.66"
"HUN","","ALL","1985","104.29"
"HUN","","ALL","1986","105.16"
"HUN","","ALL","1987","107.71"
"HUN","","ALL","1988","106.92"
"HUN","","ALL","1989","103.8"
"HUN","","ALL","1990","97.87"
"HUN","","ALL","1991","95.21"
"HUN","","ALL","1992","93.83"
"HUN","","ALL","1993","89.02"
"HUN","","ALL","1994","86.22"
"HUN","","ALL","1995","81.37"
"HUN","","ALL","1996","78.03"
"HUN","","ALL","1997","82.97"
"HUN","","ALL","1998","81.89"
"HUN","","ALL","1999","83.7"
"HUN","","ALL","2000","91.15"
"HUN","","ALL","2001","88.8"
"HUN","","ALL","2002","89.11"
"HUN","","ALL","2003","87.27"
"HUN","","ALL","2004","90.57"
"HUN","","ALL","2005","90.59"
"HUN","","ALL","2006","90.4"
"HUN","","ALL","2007","87.25"
"HUN","","ALL","2008","86.46"
"HUN","","ALL","2009","85.1"
"HUN","","ALL","2010","81.53"
"HUN","","ALL","2011","81.92"
"HUN","","ALL","2012","80.66"
"HUN","","ALL","2013","78.84"
"HUN","","ALL","2014","83.05"
"HUN","","ALL","2015","85.09"
"HUN","","ALL","2016","87.14"
"HUN","","ALL","2017","88.49"
"HUN","","ALL","2018","89.9"
"HUN","","ALL","2019","89.48"
"IRL","","ALL","1961","101.88"
"IRL","","ALL","1962","102.36"
"IRL","","ALL","1963","102.89"
"IRL","","ALL","1964","101.42"
"IRL","","ALL","1965","103.22"
"IRL","","ALL","1966","102.83"
"IRL","","ALL","1967","104.5"
"IRL","","ALL","1968","103.74"
"IRL","","ALL","1969","104.6"
"IRL","","ALL","1970","105.75"
"IRL","","ALL","1971","106.19"
"IRL","","ALL","1972","105.34"
"IRL","","ALL","1973","104.58"
"IRL","","ALL","1974","112.43"
"IRL","","ALL","1975","111.84"
"IRL","","ALL","1976","109.58"
"IRL","","ALL","1977","110.85"
"IRL","","ALL","1978","112.63"
"IRL","","ALL","1979","109.41"
"IRL","","ALL","1980","112.61"
"IRL","","ALL","1981","111.39"
"IRL","","ALL","1982","111.18"
"IRL","","ALL","1983","108.83"
"IRL","","ALL","1984","109.12"
"IRL","","ALL","1985","111.92"
"IRL","","ALL","1986","114.69"
"IRL","","ALL","1987","117.9"
"IRL","","ALL","1988","117.45"
"IRL","","ALL","1989","111.75"
"IRL","","ALL","1990","113.07"
"IRL","","ALL","1991","115.34"
"IRL","","ALL","1992","112.86"
"IRL","","ALL","1993","109.79"
"IRL","","ALL","1994","106.46"
"IRL","","ALL","1995","106.84"
"IRL","","ALL","1996","109.67"
"IRL","","ALL","1997","111.55"
"IRL","","ALL","1998","114.54"
"IRL","","ALL","1999","117.31"
"IRL","","ALL","2000","116.33"
"IRL","","ALL","2001","120.47"
"IRL","","ALL","2002","116.64"
"IRL","","ALL","2003","116.87"
"IRL","","ALL","2004","116.96"
"IRL","","ALL","2005","113.03"
"IRL","","ALL","2006","114.19"
"IRL","","ALL","2007","111.61"
"IRL","","ALL","2008","112.3"
"IRL","","ALL","2009","111.61"
"IRL","","ALL","2010","111.71"
"IRL","","ALL","2011","108.26"
"IRL","","ALL","2012","105.74"
"IRL","","ALL","2013","109.97"
"IRL","","ALL","2014","106.41"
"IRL","","ALL","2015","114.31"
"IRL","","ALL","2016","111.38"
"IRL","","ALL","2017","115.46"
"IRL","","ALL","2018","117.24"
"IRL","","ALL","2019","111.05"
"ISL","","ALL","1961","120.58"
"ISL","","ALL","1962","122.88"
"ISL","","ALL","1963","117.15"
"ISL","","ALL","1964","121.72"
"ISL","","ALL","1965","119.01"
"ISL","","ALL","1966","119.8"
"ISL","","ALL","1967","111.1"
"ISL","","ALL","1968","109.19"
"ISL","","ALL","1969","110.94"
"ISL","","ALL","1970","122.39"
"ISL","","ALL","1971","117.44"
"ISL","","ALL","1972","124.01"
"ISL","","ALL","1973","112.41"
"ISL","","ALL","1974","108.47"
"ISL","","ALL","1975","125.61"
"ISL","","ALL","1976","119.17"
"ISL","","ALL","1977","117.21"
"ISL","","ALL","1978","123.25"
"ISL","","ALL","1979","125.61"
"ISL","","ALL","1980","127.1"
"ISL","","ALL","1981","132.7"
"ISL","","ALL","1982","127.53"
"ISL","","ALL","1983","127.79"
"ISL","","ALL","1984","123.24"
"ISL","","ALL","1985","127.42"
"ISL","","ALL","1986","133.93"
"ISL","","ALL","1987","123.52"
"ISL","","ALL","1988","115.58"
"ISL","","ALL","1989","116.32"
"ISL","","ALL","1990","112.05"
"ISL","","ALL","1991","115.11"
"ISL","","ALL","1992","114.2"
"ISL","","ALL","1993","116.14"
"ISL","","ALL","1994","124.28"
"ISL","","ALL","1995","119.36"
"ISL","","ALL","1996","109.44"
"ISL","","ALL","1997","114.42"
"ISL","","ALL","1998","118.77"
"ISL","","ALL","1999","125.18"
"ISL","","ALL","2000","123.65"
"ISL","","ALL","2001","121.38"
"ISL","","ALL","2002","127.84"
"ISL","","ALL","2003","129.47"
"ISL","","ALL","2004","127.3"
"ISL","","ALL","2005","129.34"
"ISL","","ALL","2006","134.74"
"ISL","","ALL","2007","138.17"
"ISL","","ALL","2008","134.23"
"ISL","","ALL","2009","134.35"
"ISL","","ALL","2010","128.54"
"ISL","","ALL","2011","129.63"
"ISL","","ALL","2012","129.74"
"ISL","","ALL","2013","128.8"
"ISL","","ALL","2014","136.42"
"ISL","","ALL","2015","140.53"
"ISL","","ALL","2016","140.78"
"ISL","","ALL","2017","144.8"
"ISL","","ALL","2018","145.31"
"ISL","","ALL","2019","143.94"
"ISR","","ALL","1961","88.87"
"ISR","","ALL","1962","91.13"
"ISR","","ALL","1963","89.27"
"ISR","","ALL","1964","92.97"
"ISR","","ALL","1965","90.99"
"ISR","","ALL","1966","95.08"
"ISR","","ALL","1967","95.13"
"ISR","","ALL","1968","98.18"
"ISR","","ALL","1969","98.27"
"ISR","","ALL","1970","100.62"
"ISR","","ALL","1971","106"
"ISR","","ALL","1972","104.59"
"ISR","","ALL","1973","105.6"
"ISR","","ALL","1974","103.51"
"ISR","","ALL","1975","105.72"
"ISR","","ALL","1976","107.01"
"ISR","","ALL","1977","108.71"
"ISR","","ALL","1978","103.13"
"ISR","","ALL","1979","107.21"
"ISR","","ALL","1980","101.19"
"ISR","","ALL","1981","104.26"
"ISR","","ALL","1982","109.05"
"ISR","","ALL","1983","109.25"
"ISR","","ALL","1984","107.76"
"ISR","","ALL","1985","109.08"
"ISR","","ALL","1986","106.9"
"ISR","","ALL","1987","108.68"
"ISR","","ALL","1988","111.56"
"ISR","","ALL","1989","110.29"
"ISR","","ALL","1990","112.83"
"ISR","","ALL","1991","115.23"
"ISR","","ALL","1992","113.4"
"ISR","","ALL","1993","113.32"
"ISR","","ALL","1994","116.42"
"ISR","","ALL","1995","115.59"
"ISR","","ALL","1996","114.38"
"ISR","","ALL","1997","114.55"
"ISR","","ALL","1998","114.44"
"ISR","","ALL","1999","113.8"
"ISR","","ALL","2000","120.27"
"ISR","","ALL","2001","123.41"
"ISR","","ALL","2002","126.43"
"ISR","","ALL","2003","124.29"
"ISR","","ALL","2004","128.82"
"ISR","","ALL","2005","128.93"
"ISR","","ALL","2006","130.06"
"ISR","","ALL","2007","127.54"
"ISR","","ALL","2008","128.22"
"ISR","","ALL","2009","124.77"
"ISR","","ALL","2010","123.88"
"ISR","","ALL","2011","124.53"
"ISR","","ALL","2012","123.15"
"ISR","","ALL","2013","126.34"
"ISR","","ALL","2014","126.77"
"ISR","","ALL","2015","122.58"
"ISR","","ALL","2016","124.79"
"ISR","","ALL","2017","125.58"
"ISR","","ALL","2018","128.6"
"ISR","","ALL","2019","126.1"
"ITA","","ALL","1961","82.54"
"ITA","","ALL","1962","83.18"
"ITA","","ALL","1963","85.95"
"ITA","","ALL","1964","87.24"
"ITA","","ALL","1965","88.86"
"ITA","","ALL","1966","90.24"
"ITA","","ALL","1967","92.35"
"ITA","","ALL","1968","93.77"
"ITA","","ALL","1969","94.61"
"ITA","","ALL","1970","98.35"
"ITA","","ALL","1971","98.19"
"ITA","","ALL","1972","98.84"
"ITA","","ALL","1973","102.86"
"ITA","","ALL","1974","99.19"
"ITA","","ALL","1975","99.08"
"ITA","","ALL","1976","99.31"
"ITA","","ALL","1977","100.11"
"ITA","","ALL","1978","103.05"
"ITA","","ALL","1979","107.1"
"ITA","","ALL","1980","108.09"
"ITA","","ALL","1981","104.91"
"ITA","","ALL","1982","103"
"ITA","","ALL","1983","102.78"
"ITA","","ALL","1984","104.67"
"ITA","","ALL","1985","105.68"
"ITA","","ALL","1986","106.66"
"ITA","","ALL","1987","107.58"
"ITA","","ALL","1988","108.06"
"ITA","","ALL","1989","108.77"
"ITA","","ALL","1990","110.33"
"ITA","","ALL","1991","112.5"
"ITA","","ALL","1992","110.79"
"ITA","","ALL","1993","107.71"
"ITA","","ALL","1994","108.08"
"ITA","","ALL","1995","107.48"
"ITA","","ALL","1996","110.45"
"ITA","","ALL","1997","110.11"
"ITA","","ALL","1998","113.01"
"ITA","","ALL","1999","114.75"
"ITA","","ALL","2000","113.93"
"ITA","","ALL","2001","113.66"
"ITA","","ALL","2002","113.12"
"ITA","","ALL","2003","111.69"
"ITA","","ALL","2004","111.96"
"ITA","","ALL","2005","111.36"
"ITA","","ALL","2006","110.88"
"ITA","","ALL","2007","110.73"
"ITA","","ALL","2008","110.59"
"ITA","","ALL","2009","112.01"
"ITA","","ALL","2010","111.71"
"ITA","","ALL","2011","109.97"
"ITA","","ALL","2012","109.11"
"ITA","","ALL","2013","108.55"
"ITA","","ALL","2014","105.86"
"ITA","","ALL","2015","104.56"
"ITA","","ALL","2016","103.59"
"ITA","","ALL","2017","104.64"
"ITA","","ALL","2018","105.26"
"ITA","","ALL","2019","104.54"
"KAZ","","ALL","1992","92.03"
"KAZ","","ALL","1993","97.43"
"KAZ","","ALL","1994","104.39"
"KAZ","","ALL","1995","96.79"
"KAZ","","ALL","1996","96.14"
"KAZ","","ALL","1997","100.89"
"KAZ","","ALL","1998","85.56"
"KAZ","","ALL","1999","72.17"
"KAZ","","ALL","2000","75.55"
"KAZ","","ALL","2001","78.57"
"KAZ","","ALL","2002","87.92"
"KAZ","","ALL","2003","91.2"
"KAZ","","ALL","2004","89.59"
"KAZ","","ALL","2005","89.99"
"KAZ","","ALL","2006","92.55"
"KAZ","","ALL","2007","93.66"
"KAZ","","ALL","2008","94.68"
"KAZ","","ALL","2009","94.95"
"KAZ","","ALL","2010","93.87"
"KAZ","","ALL","2011","94.37"
"KAZ","","ALL","2012","93.97"
"KAZ","","ALL","2013","95.21"
"KAZ","","ALL","2014","93.91"
"KAZ","","ALL","2015","94.77"
"KAZ","","ALL","2016","97.38"
"KAZ","","ALL","2017","100.92"
"KAZ","","ALL","2018","103.68"
"KAZ","","ALL","2019","104.1"
"KGZ","","ALL","1992","81.26"
"KGZ","","ALL","1993","77.93"
"KGZ","","ALL","1994","77.69"
"KGZ","","ALL","1995","79.89"
"KGZ","","ALL","1996","82.12"
"KGZ","","ALL","1997","86.9"
"KGZ","","ALL","1998","79.11"
"KGZ","","ALL","1999","82.98"
"KGZ","","ALL","2000","83.09"
"KGZ","","ALL","2001","84.56"
"KGZ","","ALL","2002","84.23"
"KGZ","","ALL","2003","86.93"
"KGZ","","ALL","2004","86.35"
"KGZ","","ALL","2005","87.42"
"KGZ","","ALL","2006","80.07"
"KGZ","","ALL","2007","80.8"
"KGZ","","ALL","2008","81.75"
"KGZ","","ALL","2009","84.56"
"KGZ","","ALL","2010","84.91"
"KGZ","","ALL","2011","85.18"
"KGZ","","ALL","2012","86.86"
"KGZ","","ALL","2013","84.88"
"KGZ","","ALL","2014","85.65"
"KGZ","","ALL","2015","84.16"
"KGZ","","ALL","2016","83.4"
"KGZ","","ALL","2017","83.43"
"KGZ","","ALL","2018","85.69"
"KGZ","","ALL","2019","84.85"
"LTU","","ALL","1992","100.08"
"LTU","","ALL","1993","91.24"
"LTU","","ALL","1994","93.32"
"LTU","","ALL","1995","92.52"
"LTU","","ALL","1996","102.43"
"LTU","","ALL","1997","96.92"
"LTU","","ALL","1998","100.76"
"LTU","","ALL","1999","99.73"
"LTU","","ALL","2000","104.83"
"LTU","","ALL","2001","104.34"
"LTU","","ALL","2002","108.2"
"LTU","","ALL","2003","107.98"
"LTU","","ALL","2004","116.77"
"LTU","","ALL","2005","120"
"LTU","","ALL","2006","118.88"
"LTU","","ALL","2007","126.15"
"LTU","","ALL","2008","127.1"
"LTU","","ALL","2009","127.02"
"LTU","","ALL","2010","114.36"
"LTU","","ALL","2011","113.43"
"LTU","","ALL","2012","115.45"
"LTU","","ALL","2013","116.8"
"LTU","","ALL","2014","120.39"
"LTU","","ALL","2015","122.22"
"LTU","","ALL","2016","125.18"
"LTU","","ALL","2017","126.94"
"LTU","","ALL","2018","124.74"
"LTU","","ALL","2019","116.04"
"LUX","","ALL","2000","99.16"
"LUX","","ALL","2001","107.49"
"LUX","","ALL","2002","106.31"
"LUX","","ALL","2003","108.07"
"LUX","","ALL","2004","108.11"
"LUX","","ALL","2005","110.05"
"LUX","","ALL","2006","109.84"
"LUX","","ALL","2007","108.71"
"LUX","","ALL","2008","108.17"
"LUX","","ALL","2009","108.09"
"LUX","","ALL","2010","110.28"
"LUX","","ALL","2011","113.96"
"LUX","","ALL","2012","115.68"
"LUX","","ALL","2013","113.96"
"LUX","","ALL","2014","111.76"
"LUX","","ALL","2015","112.23"
"LUX","","ALL","2016","111.43"
"LUX","","ALL","2017","109.84"
"LUX","","ALL","2018","108.37"
"LUX","","ALL","2019","108.95"
"LVA","","ALL","1992","109.26"
"LVA","","ALL","1993","106.44"
"LVA","","ALL","1994","101.57"
"LVA","","ALL","1995","97.12"
"LVA","","ALL","1996","86.08"
"LVA","","ALL","1997","84.15"
"LVA","","ALL","1998","80.38"
"LVA","","ALL","1999","79.69"
"LVA","","ALL","2000","76.96"
"LVA","","ALL","2001","78.22"
"LVA","","ALL","2002","81.26"
"LVA","","ALL","2003","85.83"
"LVA","","ALL","2004","86.04"
"LVA","","ALL","2005","85.76"
"LVA","","ALL","2006","90.76"
"LVA","","ALL","2007","93.18"
"LVA","","ALL","2008","96.02"
"LVA","","ALL","2009","96.81"
"LVA","","ALL","2010","96.33"
"LVA","","ALL","2011","96.52"
"LVA","","ALL","2012","92.09"
"LVA","","ALL","2013","91.46"
"LVA","","ALL","2014","98.68"
"LVA","","ALL","2015","94.86"
"LVA","","ALL","2016","103.29"
"LVA","","ALL","2017","102.37"
"LVA","","ALL","2018","96.1"
"LVA","","ALL","2019","94.52"
"MDA","","ALL","1992","71.11"
"MDA","","ALL","1993","67.06"
"MDA","","ALL","1994","65.02"
"MDA","","ALL","1995","65.9"
"MDA","","ALL","1996","64.93"
"MDA","","ALL","1997","66.52"
"MDA","","ALL","1998","67.44"
"MDA","","ALL","1999","66.15"
"MDA","","ALL","2000","67.72"
"MDA","","ALL","2001","68.94"
"MDA","","ALL","2002","71"
"MDA","","ALL","2003","68.87"
"MDA","","ALL","2004","72.01"
"MDA","","ALL","2005","75.78"
"MDA","","ALL","2006","74.62"
"MDA","","ALL","2007","71.71"
"MDA","","ALL","2008","72.07"
"MDA","","ALL","2009","68.29"
"MDA","","ALL","2010","71.05"
"MDA","","ALL","2011","71.4"
"MDA","","ALL","2012","69.73"
"MDA","","ALL","2013","69.64"
"MDA","","ALL","2014","70.61"
"MDA","","ALL","2015","70.17"
"MDA","","ALL","2016","71.43"
"MDA","","ALL","2017","71.42"
"MDA","","ALL","2018","71.7"
"MDA","","ALL","2019","69.84"
"MKD","","ALL","1992","68.67"
"MKD","","ALL","1993","66.88"
"MKD","","ALL","1994","74.72"
"MKD","","ALL","1995","71.11"
"MKD","","ALL","1996","68.59"
"MKD","","ALL","1997","71.74"
"MKD","","ALL","1998","72.38"
"MKD","","ALL","1999","72.2"
"MKD","","ALL","2000","70.95"
"MKD","","ALL","2001","68.11"
"MKD","","ALL","2002","75.04"
"MKD","","ALL","2003","71.55"
"MKD","","ALL","2004","75.3"
"MKD","","ALL","2005","72.41"
"MKD","","ALL","2006","73.12"
"MKD","","ALL","2007","78.53"
"MKD","","ALL","2008","76.27"
"MKD","","ALL","2009","79.18"
"MKD","","ALL","2010","78.06"
"MKD","","ALL","2011","77.16"
"MKD","","ALL","2012","77.74"
"MKD","","ALL","2013","78.51"
"MKD","","ALL","2014","80.43"
"MKD","","ALL","2015","81.96"
"MKD","","ALL","2016","82.34"
"MKD","","ALL","2017","82.98"
"MKD","","ALL","2018","84.22"
"MKD","","ALL","2019","84.27"
"MLT","","ALL","1961","87.39"
"MLT","","ALL","1962","86.47"
"MLT","","ALL","1963","89.65"
"MLT","","ALL","1964","89.87"
"MLT","","ALL","1965","90.68"
"MLT","","ALL","1966","88.47"
"MLT","","ALL","1967","88.1"
"MLT","","ALL","1968","91.64"
"MLT","","ALL","1969","94.64"
"MLT","","ALL","1970","94.61"
"MLT","","ALL","1971","97.7"
"MLT","","ALL","1972","97.8"
"MLT","","ALL","1973","95.92"
"MLT","","ALL","1974","94.3"
"MLT","","ALL","1975","98.65"
"MLT","","ALL","1976","102.67"
"MLT","","ALL","1977","101.23"
"MLT","","ALL","1978","100.3"
"MLT","","ALL","1979","98.94"
"MLT","","ALL","1980","103.3"
"MLT","","ALL","1981","97.41"
"MLT","","ALL","1982","92.49"
"MLT","","ALL","1983","93.15"
"MLT","","ALL","1984","91.01"
"MLT","","ALL","1985","95.37"
"MLT","","ALL","1986","89.09"
"MLT","","ALL","1987","93.33"
"MLT","","ALL","1988","94.74"
"MLT","","ALL","1989","98.21"
"MLT","","ALL","1990","93.34"
"MLT","","ALL","1991","101.28"
"MLT","","ALL","1992","99.97"
"MLT","","ALL","1993","97.54"
"MLT","","ALL","1994","95.69"
"MLT","","ALL","1995","103.87"
"MLT","","ALL","1996","106.26"
"MLT","","ALL","1997","107.77"
"MLT","","ALL","1998","109.38"
"MLT","","ALL","1999","110.84"
"MLT","","ALL","2000","109.34"
"MLT","","ALL","2001","108.11"
"MLT","","ALL","2002","110.33"
"MLT","","ALL","2003","111.99"
"MLT","","ALL","2004","111.97"
"MLT","","ALL","2005","110.15"
"MLT","","ALL","2006","111.14"
"MLT","","ALL","2007","114.8"
"MLT","","ALL","2008","112.39"
"MLT","","ALL","2009","109.52"
"MLT","","ALL","2010","107.33"
"MLT","","ALL","2011","108.47"
"MLT","","ALL","2012","107.6"
"MLT","","ALL","2013","110.42"
"MLT","","ALL","2014","115.74"
"MLT","","ALL","2015","112.26"
"MLT","","ALL","2016","113.62"
"MLT","","ALL","2017","116.13"
"MLT","","ALL","2018","110.44"
"MLT","","ALL","2019","105.36"
"MNE","","ALL","2006","101.08"
"MNE","","ALL","2007","106.1"
"MNE","","ALL","2008","110.36"
"MNE","","ALL","2009","109.79"
"MNE","","ALL","2010","107.65"
"MNE","","ALL","2011","110.9"
"MNE","","ALL","2012","106.93"
"MNE","","ALL","2013","109.06"
"MNE","","ALL","2014","107.21"
"MNE","","ALL","2015","109.08"
"MNE","","ALL","2016","112.52"
"MNE","","ALL","2017","112.92"
"MNE","","ALL","2018","113.49"
"MNE","","ALL","2019","111.99"
"NLD","","ALL","1961","87.84"
"NLD","","ALL","1962","88.76"
"NLD","","ALL","1963","89.23"
"NLD","","ALL","1964","87.76"
"NLD","","ALL","1965","86.09"
"NLD","","ALL","1966","88.67"
"NLD","","ALL","1967","91.43"
"NLD","","ALL","1968","90.19"
"NLD","","ALL","1969","90.41"
"NLD","","ALL","1970","90.18"
"NLD","","ALL","1971","90.66"
"NLD","","ALL","1972","94.39"
"NLD","","ALL","1973","96.08"
"NLD","","ALL","1974","98.45"
"NLD","","ALL","1975","92.47"
"NLD","","ALL","1976","94.29"
"NLD","","ALL","1977","96.03"
"NLD","","ALL","1978","97.42"
"NLD","","ALL","1979","98.57"
"NLD","","ALL","1980","97.81"
"NLD","","ALL","1981","95.55"
"NLD","","ALL","1982","98.97"
"NLD","","ALL","1983","98.35"
"NLD","","ALL","1984","102.49"
"NLD","","ALL","1985","100.39"
"NLD","","ALL","1986","98.98"
"NLD","","ALL","1987","100.08"
"NLD","","ALL","1988","99.78"
"NLD","","ALL","1989","94.26"
"NLD","","ALL","1990","95.86"
"NLD","","ALL","1991","99.4"
"NLD","","ALL","1992","98.61"
"NLD","","ALL","1993","102.94"
"NLD","","ALL","1994","101.09"
"NLD","","ALL","1995","110.21"
"NLD","","ALL","1996","109.25"
"NLD","","ALL","1997","104.41"
"NLD","","ALL","1998","106.66"
"NLD","","ALL","1999","104.89"
"NLD","","ALL","2000","107.25"
"NLD","","ALL","2001","108.78"
"NLD","","ALL","2002","102"
"NLD","","ALL","2003","97.67"
"NLD","","ALL","2004","105.06"
"NLD","","ALL","2005","105.05"
"NLD","","ALL","2006","108.6"
"NLD","","ALL","2007","106.02"
"NLD","","ALL","2008","108"
"NLD","","ALL","2009","110.69"
"NLD","","ALL","2010","107.9"
"NLD","","ALL","2011","107.01"
"NLD","","ALL","2012","112.12"
"NLD","","ALL","2013","111.93"
"NLD","","ALL","2014","108.47"
"NLD","","ALL","2015","107.62"
"NLD","","ALL","2016","107.6"
"NLD","","ALL","2017","102.43"
"NLD","","ALL","2018","105.95"
"NLD","","ALL","2019","108.11"
"NOR","","ALL","1961","87.05"
"NOR","","ALL","1962","88.32"
"NOR","","ALL","1963","85.22"
"NOR","","ALL","1964","86.51"
"NOR","","ALL","1965","87.04"
"NOR","","ALL","1966","87.72"
"NOR","","ALL","1967","85.52"
"NOR","","ALL","1968","87.56"
"NOR","","ALL","1969","88.26"
"NOR","","ALL","1970","87.46"
"NOR","","ALL","1971","85.6"
"NOR","","ALL","1972","87.95"
"NOR","","ALL","1973","90.03"
"NOR","","ALL","1974","90.2"
"NOR","","ALL","1975","92.15"
"NOR","","ALL","1976","93.98"
"NOR","","ALL","1977","94.66"
"NOR","","ALL","1978","97.97"
"NOR","","ALL","1979","100.06"
"NOR","","ALL","1980","103.93"
"NOR","","ALL","1981","103.25"
"NOR","","ALL","1982","98.88"
"NOR","","ALL","1983","98.3"
"NOR","","ALL","1984","98.95"
"NOR","","ALL","1985","100.17"
"NOR","","ALL","1986","100.65"
"NOR","","ALL","1987","102.53"
"NOR","","ALL","1988","97.01"
"NOR","","ALL","1989","99.1"
"NOR","","ALL","1990","97.35"
"NOR","","ALL","1991","97.71"
"NOR","","ALL","1992","97.87"
"NOR","","ALL","1993","98.68"
"NOR","","ALL","1994","102.07"
"NOR","","ALL","1995","100.24"
"NOR","","ALL","1996","104.91"
"NOR","","ALL","1997","103.73"
"NOR","","ALL","1998","105.47"
"NOR","","ALL","1999","105.31"
"NOR","","ALL","2000","105.11"
"NOR","","ALL","2001","105.55"
"NOR","","ALL","2002","105.61"
"NOR","","ALL","2003","103.73"
"NOR","","ALL","2004","104.5"
"NOR","","ALL","2005","105.39"
"NOR","","ALL","2006","105"
"NOR","","ALL","2007","107.13"
"NOR","","ALL","2008","109.85"
"NOR","","ALL","2009","109.67"
"NOR","","ALL","2010","117.57"
"NOR","","ALL","2011","116.21"
"NOR","","ALL","2012","116.37"
"NOR","","ALL","2013","114.8"
"NOR","","ALL","2014","111.17"
"NOR","","ALL","2015","112.52"
"NOR","","ALL","2016","112.33"
"NOR","","ALL","2017","113.75"
"NOR","","ALL","2018","116.06"
"NOR","","ALL","2019","116.28"
"","NORDIC","ALL","1970","85.95"
"","NORDIC","ALL","1971","86.26"
"","NORDIC","ALL","1972","85.84"
"","NORDIC","ALL","1973","86.14"
"","NORDIC","ALL","1974","87.63"
"","NORDIC","ALL","1975","90.11"
"","NORDIC","ALL","1976","92.04"
"","NORDIC","ALL","1977","92.01"
"","NORDIC","ALL","1978","93.35"
"","NORDIC","ALL","1979","94.3"
"","NORDIC","ALL","1980","96.16"
"","NORDIC","ALL","1981","95.31"
"","NORDIC","ALL","1982","94.99"
"","NORDIC","ALL","1983","92.99"
"","NORDIC","ALL","1984","94.88"
"","NORDIC","ALL","1985","95.85"
"","NORDIC","ALL","1986","97.26"
"","NORDIC","ALL","1987","97.45"
"","NORDIC","ALL","1988","98.01"
"","NORDIC","ALL","1989","99.25"
"","NORDIC","ALL","1990","98.59"
"","NORDIC","ALL","1991","98.32"
"","NORDIC","ALL","1992","99.75"
"","NORDIC","ALL","1993","99.63"
"","NORDIC","ALL","1994","100.58"
"","NORDIC","ALL","1995","100.14"
"","NORDIC","ALL","1996","101.07"
"","NORDIC","ALL","1997","101.97"
"","NORDIC","ALL","1998","103.57"
"","NORDIC","ALL","1999","103.13"
"","NORDIC","ALL","2000","102.15"
"","NORDIC","ALL","2001","104.88"
"","NORDIC","ALL","2002","106.27"
"","NORDIC","ALL","2003","105.71"
"","NORDIC","ALL","2004","106.59"
"","NORDIC","ALL","2005","109.02"
"","NORDIC","ALL","2006","108.76"
"","NORDIC","ALL","2007","108.96"
"","NORDIC","ALL","2008","110.1"
"","NORDIC","ALL","2009","108.02"
"","NORDIC","ALL","2010","111.46"
"","NORDIC","ALL","2011","110.2"
"","NORDIC","ALL","2012","111.04"
"","NORDIC","ALL","2013","112.32"
"","NORDIC","ALL","2014","111.23"
"","NORDIC","ALL","2015","111.7"
"","NORDIC","ALL","2016","112.13"
"","NORDIC","ALL","2017","112.9"
"","NORDIC","ALL","2018","113.28"
"","NORDIC","ALL","2019","113.62"
"POL","","ALL","1961","96.52"
"POL","","ALL","1962","96.72"
"POL","","ALL","1963","97.8"
"POL","","ALL","1964","98.74"
"POL","","ALL","1965","100.93"
"POL","","ALL","1966","101.9"
"POL","","ALL","1967","100.89"
"POL","","ALL","1968","100.25"
"POL","","ALL","1969","100.84"
"POL","","ALL","1970","102.35"
"POL","","ALL","1971","104.21"
"POL","","ALL","1972","106"
"POL","","ALL","1973","107.44"
"POL","","ALL","1974","108.41"
"POL","","ALL","1975","111.81"
"POL","","ALL","1976","112.66"
"POL","","ALL","1977","111.7"
"POL","","ALL","1978","112.95"
"POL","","ALL","1979","112.12"
"POL","","ALL","1980","112.44"
"POL","","ALL","1981","107.21"
"POL","","ALL","1982","98.43"
"POL","","ALL","1983","99.81"
"POL","","ALL","1984","97.92"
"POL","","ALL","1985","101.24"
"POL","","ALL","1986","104.8"
"POL","","ALL","1987","104.37"
"POL","","ALL","1988","105.68"
"POL","","ALL","1989","104.63"
"POL","","ALL","1990","100.97"
"POL","","ALL","1991","102.39"
"POL","","ALL","1992","102.13"
"POL","","ALL","1993","100.78"
"POL","","ALL","1994","97.3"
"POL","","ALL","1995","98.38"
"POL","","ALL","1996","98.69"
"POL","","ALL","1997","97.12"
"POL","","ALL","1998","99.34"
"POL","","ALL","1999","99.7"
"POL","","ALL","2000","99.81"
"POL","","ALL","2001","99.62"
"POL","","ALL","2002","100.59"
"POL","","ALL","2003","101.03"
"POL","","ALL","2004","99.1"
"POL","","ALL","2005","98.71"
"POL","","ALL","2006","98.72"
"POL","","ALL","2007","99.59"
"POL","","ALL","2008","97.96"
"POL","","ALL","2009","100.66"
"POL","","ALL","2010","103.44"
"POL","","ALL","2011","102.85"
"POL","","ALL","2012","101.81"
"POL","","ALL","2013","101.07"
"POL","","ALL","2014","100.42"
"POL","","ALL","2015","100.87"
"POL","","ALL","2016","103.94"
"POL","","ALL","2017","105.3"
"POL","","ALL","2018","105.94"
"POL","","ALL","2019","104.96"
"PRT","","ALL","1961","69.91"
"PRT","","ALL","1962","73.21"
"PRT","","ALL","1963","75.07"
"PRT","","ALL","1964","73.83"
"PRT","","ALL","1965","77.35"
"PRT","","ALL","1966","75.33"
"PRT","","ALL","1967","82.4"
"PRT","","ALL","1968","80.62"
"PRT","","ALL","1969","82.95"
"PRT","","ALL","1970","84.69"
"PRT","","ALL","1971","83.45"
"PRT","","ALL","1972","84.91"
"PRT","","ALL","1973","83.21"
"PRT","","ALL","1974","84.7"
"PRT","","ALL","1975","83.19"
"PRT","","ALL","1976","81.56"
"PRT","","ALL","1977","83.11"
"PRT","","ALL","1978","77.25"
"PRT","","ALL","1979","74.3"
"PRT","","ALL","1980","76.43"
"PRT","","ALL","1981","75.82"
"PRT","","ALL","1982","77.67"
"PRT","","ALL","1983","80.52"
"PRT","","ALL","1984","81.43"
"PRT","","ALL","1985","87.31"
"PRT","","ALL","1986","91.89"
"PRT","","ALL","1987","96.71"
"PRT","","ALL","1988","97.37"
"PRT","","ALL","1989","99.33"
"PRT","","ALL","1990","101.87"
"PRT","","ALL","1991","103.23"
"PRT","","ALL","1992","104.16"
"PRT","","ALL","1993","106.57"
"PRT","","ALL","1994","108.33"
"PRT","","ALL","1995","107.61"
"PRT","","ALL","1996","109.24"
"PRT","","ALL","1997","106.38"
"PRT","","ALL","1998","112.88"
"PRT","","ALL","1999","114.29"
"PRT","","ALL","2000","112.79"
"PRT","","ALL","2001","114.52"
"PRT","","ALL","2002","112.3"
"PRT","","ALL","2003","110.45"
"PRT","","ALL","2004","113.12"
"PRT","","ALL","2005","113.05"
"PRT","","ALL","2006","113.5"
"PRT","","ALL","2007","117.27"
"PRT","","ALL","2008","114.15"
"PRT","","ALL","2009","114.17"
"PRT","","ALL","2010","116.27"
"PRT","","ALL","2011","113.12"
"PRT","","ALL","2012","111.26"
"PRT","","ALL","2013","111.06"
"PRT","","ALL","2014","111.12"
"PRT","","ALL","2015","112.34"
"PRT","","ALL","2016","113.07"
"PRT","","ALL","2017","114.79"
"PRT","","ALL","2018","116.38"
"PRT","","ALL","2019","117.74"
"ROU","","ALL","1961","87.52"
"ROU","","ALL","1962","87.08"
"ROU","","ALL","1963","86.71"
"ROU","","ALL","1964","86.53"
"ROU","","ALL","1965","86.81"
"ROU","","ALL","1966","88.9"
"ROU","","ALL","1967","88.86"
"ROU","","ALL","1968","88.53"
"ROU","","ALL","1969","88.09"
"ROU","","ALL","1970","84.3"
"ROU","","ALL","1971","86.92"
"ROU","","ALL","1972","88.81"
"ROU","","ALL","1973","89.86"
"ROU","","ALL","1974","94.01"
"ROU","","ALL","1975","90.47"
"ROU","","ALL","1976","92.48"
"ROU","","ALL","1977","92.84"
"ROU","","ALL","1978","95.17"
"ROU","","ALL","1979","96.17"
"ROU","","ALL","1980","95.77"
"ROU","","ALL","1981","96.66"
"ROU","","ALL","1982","89.89"
"ROU","","ALL","1983","89.67"
"ROU","","ALL","1984","92.25"
"ROU","","ALL","1985","94.24"
"ROU","","ALL","1986","90.27"
"ROU","","ALL","1987","90.85"
"ROU","","ALL","1988","90.86"
"ROU","","ALL","1989","88.61"
"ROU","","ALL","1990","96.21"
"ROU","","ALL","1991","88.91"
"ROU","","ALL","1992","85.27"
"ROU","","ALL","1993","90.13"
"ROU","","ALL","1994","89.61"
"ROU","","ALL","1995","93.91"
"ROU","","ALL","1996","93.17"
"ROU","","ALL","1997","95.64"
"ROU","","ALL","1998","97.49"
"ROU","","ALL","1999","96.29"
"ROU","","ALL","2000","94.86"
"ROU","","ALL","2001","98.77"
"ROU","","ALL","2002","104.06"
"ROU","","ALL","2003","106.37"
"ROU","","ALL","2004","106.61"
"ROU","","ALL","2005","108.59"
"ROU","","ALL","2006","108.92"
"ROU","","ALL","2007","108.71"
"ROU","","ALL","2008","110.58"
"ROU","","ALL","2009","109.1"
"ROU","","ALL","2010","104.65"
"ROU","","ALL","2011","104.02"
"ROU","","ALL","2012","103.24"
"ROU","","ALL","2013","102.78"
"ROU","","ALL","2014","104.65"
"ROU","","ALL","2015","108.17"
"ROU","","ALL","2016","108.95"
"ROU","","ALL","2017","109.11"
"ROU","","ALL","2018","109.29"
"ROU","","ALL","2019","107.75"
"RUS","","ALL","1992","91.58"
"RUS","","ALL","1993","91.41"
"RUS","","ALL","1994","90.39"
"RUS","","ALL","1995","89.11"
"RUS","","ALL","1996","84.59"
"RUS","","ALL","1997","88.76"
"RUS","","ALL","1998","88.45"
"RUS","","ALL","1999","86.78"
"RUS","","ALL","2000","85.27"
"RUS","","ALL","2001","86.82"
"RUS","","ALL","2002","88.71"
"RUS","","ALL","2003","90.01"
"RUS","","ALL","2004","90.67"
"RUS","","ALL","2005","94.2"
"RUS","","ALL","2006","95.28"
"RUS","","ALL","2007","98.52"
"RUS","","ALL","2008","99.56"
"RUS","","ALL","2009","99.62"
"RUS","","ALL","2010","100.99"
"RUS","","ALL","2011","101.27"
"RUS","","ALL","2012","103.48"
"RUS","","ALL","2013","102.9"
"RUS","","ALL","2014","102.5"
"RUS","","ALL","2015","102.11"
"RUS","","ALL","2016","101.24"
"RUS","","ALL","2017","102.65"
"RUS","","ALL","2018","103.35"
"RUS","","ALL","2019","104.83"
"","SEEHN","ALL","1992","84.28"
"","SEEHN","ALL","1993","86.62"
"","SEEHN","ALL","1994","87.31"
"","SEEHN","ALL","1995","88.99"
"","SEEHN","ALL","1996","88.44"
"","SEEHN","ALL","1997","89.95"
"","SEEHN","ALL","1998","91.75"
"","SEEHN","ALL","1999","91"
"","SEEHN","ALL","2000","90.26"
"","SEEHN","ALL","2001","92.3"
"","SEEHN","ALL","2002","95.2"
"","SEEHN","ALL","2003","94.97"
"","SEEHN","ALL","2004","96.7"
"","SEEHN","ALL","2005","97.43"
"","SEEHN","ALL","2006","97.93"
"","SEEHN","ALL","2007","97.37"
"","SEEHN","ALL","2008","99.43"
"","SEEHN","ALL","2009","98.25"
"","SEEHN","ALL","2010","97.02"
"","SEEHN","ALL","2011","97.25"
"","SEEHN","ALL","2012","97.03"
"","SEEHN","ALL","2013","97.63"
"","SEEHN","ALL","2014","99.23"
"","SEEHN","ALL","2015","99.66"
"","SEEHN","ALL","2016","101.19"
"","SEEHN","ALL","2017","101.86"
"","SEEHN","ALL","2018","102.46"
"","SEEHN","ALL","2019","101.58"
"","SMALL","ALL","2000","100.1"
"","SMALL","ALL","2001","101.2"
"","SMALL","ALL","2002","101.94"
"","SMALL","ALL","2003","101.32"
"","SMALL","ALL","2004","101.18"
"","SMALL","ALL","2005","100.86"
"","SMALL","ALL","2006","100.98"
"","SMALL","ALL","2007","104.3"
"","SMALL","ALL","2008","104.6"
"","SMALL","ALL","2009","103.07"
"","SMALL","ALL","2010","106.59"
"","SMALL","ALL","2011","108.56"
"","SMALL","ALL","2012","107.64"
"","SMALL","ALL","2013","107.46"
"","SMALL","ALL","2014","108.13"
"","SMALL","ALL","2015","108.86"
"","SMALL","ALL","2016","109.69"
"","SMALL","ALL","2017","110.62"
"","SMALL","ALL","2018","109.44"
"","SMALL","ALL","2019","108.4"
"SRB","","ALL","2006","77.92"
"SRB","","ALL","2007","78.44"
"SRB","","ALL","2008","80.57"
"SRB","","ALL","2009","79.39"
"SRB","","ALL","2010","81.85"
"SRB","","ALL","2011","82.3"
"SRB","","ALL","2012","82.69"
"SRB","","ALL","2013","82.38"
"SRB","","ALL","2014","85.45"
"SRB","","ALL","2015","85.96"
"SRB","","ALL","2016","84.36"
"SRB","","ALL","2017","83.16"
"SRB","","ALL","2018","84.03"
"SRB","","ALL","2019","86.58"
"SVK","","ALL","1993","79"
"SVK","","ALL","1994","82.7"
"SVK","","ALL","1995","74.2"
"SVK","","ALL","1996","78.07"
"SVK","","ALL","1997","76.96"
"SVK","","ALL","1998","78.24"
"SVK","","ALL","1999","75.72"
"SVK","","ALL","2000","71.61"
"SVK","","ALL","2001","71.01"
"SVK","","ALL","2002","73.61"
"SVK","","ALL","2003","73.75"
"SVK","","ALL","2004","71.26"
"SVK","","ALL","2005","74.12"
"SVK","","ALL","2006","73.85"
"SVK","","ALL","2007","71.25"
"SVK","","ALL","2008","73.43"
"SVK","","ALL","2009","72.53"
"SVK","","ALL","2010","72.37"
"SVK","","ALL","2011","72.1"
"SVK","","ALL","2012","67.59"
"SVK","","ALL","2013","70.41"
"SVK","","ALL","2014","71.58"
"SVK","","ALL","2015","67.95"
"SVK","","ALL","2016","70.04"
"SVK","","ALL","2017","68.94"
"SVK","","ALL","2018","68.62"
"SVK","","ALL","2019","71.07"
"SVN","","ALL","1992","75.17"
"SVN","","ALL","1993","86.62"
"SVN","","ALL","1994","90.99"
"SVN","","ALL","1995","95.91"
"SVN","","ALL","1996","99.97"
"SVN","","ALL","1997","97.99"
"SVN","","ALL","1998","96"
"SVN","","ALL","1999","103.52"
"SVN","","ALL","2000","102.34"
"SVN","","ALL","2001","99.98"
"SVN","","ALL","2002","98.63"
"SVN","","ALL","2003","100.11"
"SVN","","ALL","2004","99.31"
"SVN","","ALL","2005","98.09"
"SVN","","ALL","2006","98.18"
"SVN","","ALL","2007","98.26"
"SVN","","ALL","2008","101.66"
"SVN","","ALL","2009","101.93"
"SVN","","ALL","2010","100.47"
"SVN","","ALL","2011","98.92"
"SVN","","ALL","2012","98.26"
"SVN","","ALL","2013","96.19"
"SVN","","ALL","2014","98.94"
"SVN","","ALL","2015","97.39"
"SVN","","ALL","2016","98.59"
"SVN","","ALL","2017","97.47"
"SVN","","ALL","2018","96.45"
"SVN","","ALL","2019","95.34"
"SWE","","ALL","1961","86.13"
"SWE","","ALL","1962","84.6"
"SWE","","ALL","1963","84.32"
"SWE","","ALL","1964","85.9"
"SWE","","ALL","1965","85.8"
"SWE","","ALL","1966","87.37"
"SWE","","ALL","1967","86.58"
"SWE","","ALL","1968","86.05"
"SWE","","ALL","1969","85.54"
"SWE","","ALL","1970","87.54"
"SWE","","ALL","1971","88.81"
"SWE","","ALL","1972","85.82"
"SWE","","ALL","1973","86.95"
"SWE","","ALL","1974","89.55"
"SWE","","ALL","1975","92.21"
"SWE","","ALL","1976","95.86"
"SWE","","ALL","1977","95.27"
"SWE","","ALL","1978","94.04"
"SWE","","ALL","1979","95.87"
"SWE","","ALL","1980","97.62"
"SWE","","ALL","1981","95.94"
"SWE","","ALL","1982","96.65"
"SWE","","ALL","1983","95.56"
"SWE","","ALL","1984","97.86"
"SWE","","ALL","1985","96"
"SWE","","ALL","1986","95.86"
"SWE","","ALL","1987","94.05"
"SWE","","ALL","1988","95.2"
"SWE","","ALL","1989","96.88"
"SWE","","ALL","1990","95.7"
"SWE","","ALL","1991","94.14"
"SWE","","ALL","1992","98.68"
"SWE","","ALL","1993","100.6"
"SWE","","ALL","1994","100.15"
"SWE","","ALL","1995","96.11"
"SWE","","ALL","1996","97.27"
"SWE","","ALL","1997","99.56"
"SWE","","ALL","1998","99.97"
"SWE","","ALL","1999","102.34"
"SWE","","ALL","2000","101.92"
"SWE","","ALL","2001","103.9"
"SWE","","ALL","2002","107.7"
"SWE","","ALL","2003","108.19"
"SWE","","ALL","2004","108.34"
"SWE","","ALL","2005","108.02"
"SWE","","ALL","2006","107.69"
"SWE","","ALL","2007","107.05"
"SWE","","ALL","2008","108.93"
"SWE","","ALL","2009","107.66"
"SWE","","ALL","2010","108.49"
"SWE","","ALL","2011","107.76"
"SWE","","ALL","2012","105.86"
"SWE","","ALL","2013","108.84"
"SWE","","ALL","2014","108.08"
"SWE","","ALL","2015","107.89"
"SWE","","ALL","2016","106.69"
"SWE","","ALL","2017","106.87"
"SWE","","ALL","2018","105.21"
"SWE","","ALL","2019","108.1"
"TJK","","ALL","1992","56.08"
"TJK","","ALL","1993","53.26"
"TJK","","ALL","1994","52.4"
"TJK","","ALL","1995","50.52"
"TJK","","ALL","1996","46.86"
"TJK","","ALL","1997","47.11"
"TJK","","ALL","1998","48.86"
"TJK","","ALL","1999","50.49"
"TJK","","ALL","2000","49.83"
"TJK","","ALL","2001","49.08"
"TJK","","ALL","2002","49.38"
"TJK","","ALL","2003","49.34"
"TJK","","ALL","2004","49.06"
"TJK","","ALL","2005","50.58"
"TJK","","ALL","2006","51.6"
"TJK","","ALL","2007","51.14"
"TJK","","ALL","2008","51.66"
"TJK","","ALL","2009","52.2"
"TJK","","ALL","2010","59.45"
"TJK","","ALL","2011","60.68"
"TJK","","ALL","2012","62.82"
"TJK","","ALL","2013","64.48"
"TJK","","ALL","2014","64.8"
"TJK","","ALL","2015","66.64"
"TJK","","ALL","2016","67.06"
"TJK","","ALL","2017","70.11"
"TJK","","ALL","2018","72.01"
"TJK","","ALL","2019","71.64"
"TKM","","ALL","1992","75.1"
"TKM","","ALL","1993","73.91"
"TKM","","ALL","1994","73.12"
"TKM","","ALL","1995","75.29"
"TKM","","ALL","1996","72.73"
"TKM","","ALL","1997","73.56"
"TKM","","ALL","1998","74.3"
"TKM","","ALL","1999","76.8"
"TKM","","ALL","2000","79.46"
"TKM","","ALL","2001","81.59"
"TKM","","ALL","2002","84.17"
"TKM","","ALL","2003","86.81"
"TKM","","ALL","2004","88.38"
"TKM","","ALL","2005","89.44"
"TKM","","ALL","2006","88.93"
"TKM","","ALL","2007","93.91"
"TKM","","ALL","2008","92.73"
"TKM","","ALL","2009","92.71"
"TKM","","ALL","2010","89.13"
"TKM","","ALL","2011","88.68"
"TKM","","ALL","2012","87.95"
"TKM","","ALL","2013","89.28"
"TKM","","ALL","2014","92.25"
"TKM","","ALL","2015","91.07"
"TKM","","ALL","2016","91.07"
"TKM","","ALL","2017","89.91"
"TKM","","ALL","2018","90.15"
"TKM","","ALL","2019","89.97"
"TUR","","ALL","1961","93.18"
"TUR","","ALL","1962","92.1"
"TUR","","ALL","1963","92.87"
"TUR","","ALL","1964","91.37"
"TUR","","ALL","1965","92.08"
"TUR","","ALL","1966","92.82"
"TUR","","ALL","1967","93.01"
"TUR","","ALL","1968","91.88"
"TUR","","ALL","1969","94.2"
"TUR","","ALL","1970","94.21"
"TUR","","ALL","1971","95.5"
"TUR","","ALL","1972","95.78"
"TUR","","ALL","1973","93.99"
"TUR","","ALL","1974","94.83"
"TUR","","ALL","1975","96.97"
"TUR","","ALL","1976","97.96"
"TUR","","ALL","1977","99.26"
"TUR","","ALL","1978","97.19"
"TUR","","ALL","1979","100.09"
"TUR","","ALL","1980","100.28"
"TUR","","ALL","1981","100.23"
"TUR","","ALL","1982","99.2"
"TUR","","ALL","1983","101.9"
"TUR","","ALL","1984","100.66"
"TUR","","ALL","1985","108.58"
"TUR","","ALL","1986","108.21"
"TUR","","ALL","1987","108.03"
"TUR","","ALL","1988","108.16"
"TUR","","ALL","1989","105.86"
"TUR","","ALL","1990","109.25"
"TUR","","ALL","1991","109.31"
"TUR","","ALL","1992","108.54"
"TUR","","ALL","1993","107.28"
"TUR","","ALL","1994","108.55"
"TUR","","ALL","1995","109.28"
"TUR","","ALL","1996","105.86"
"TUR","","ALL","1997","102.19"
"TUR","","ALL","1998","105.85"
"TUR","","ALL","1999","105.68"
"TUR","","ALL","2000","105.32"
"TUR","","ALL","2001","103.22"
"TUR","","ALL","2002","103.43"
"TUR","","ALL","2003","102.71"
"TUR","","ALL","2004","103.02"
"TUR","","ALL","2005","103.29"
"TUR","","ALL","2006","103.02"
"TUR","","ALL","2007","102.67"
"TUR","","ALL","2008","100.53"
"TUR","","ALL","2009","100.72"
"TUR","","ALL","2010","104.27"
"TUR","","ALL","2011","105.26"
"TUR","","ALL","2012","107.23"
"TUR","","ALL","2013","107.14"
"TUR","","ALL","2014","107.51"
"TUR","","ALL","2015","110.25"
"TUR","","ALL","2016","108.65"
"TUR","","ALL","2017","110.55"
"TUR","","ALL","2018","110.65"
"TUR","","ALL","2019","111.07"
"UKR","","ALL","1992","93.9"
"UKR","","ALL","1993","89.2"
"UKR","","ALL","1994","86.16"
"UKR","","ALL","1995","83.74"
"UKR","","ALL","1996","81.84"
"UKR","","ALL","1997","80.55"
"UKR","","ALL","1998","81.51"
"UKR","","ALL","1999","79.11"
"UKR","","ALL","2000","80.26"
"UKR","","ALL","2001","81.72"
"UKR","","ALL","2002","84.88"
"UKR","","ALL","2003","83.95"
"UKR","","ALL","2004","87.88"
"UKR","","ALL","2005","89.02"
"UKR","","ALL","2006","89.08"
"UKR","","ALL","2007","88.57"
"UKR","","ALL","2008","91.41"
"UKR","","ALL","2009","87.42"
"UKR","","ALL","2010","87.93"
"UKR","","ALL","2011","89.82"
"UKR","","ALL","2012","90.69"
"UKR","","ALL","2013","92.11"
"UKR","","ALL","2014","85.64"
"UKR","","ALL","2015","86.52"
"UKR","","ALL","2016","88.65"
"UKR","","ALL","2017","88.73"
"UKR","","ALL","2018","86.94"
"UKR","","ALL","2019","90.09"
"UZB","","ALL","1992","79.47"
"UZB","","ALL","1993","78.29"
"UZB","","ALL","1994","80.01"
"UZB","","ALL","1995","76.67"
"UZB","","ALL","1996","74.12"
"UZB","","ALL","1997","72.92"
"UZB","","ALL","1998","70.03"
"UZB","","ALL","1999","68.4"
"UZB","","ALL","2000","66.54"
"UZB","","ALL","2001","66.06"
"UZB","","ALL","2002","67.8"
"UZB","","ALL","2003","71.04"
"UZB","","ALL","2004","72.32"
"UZB","","ALL","2005","73.94"
"UZB","","ALL","2006","75.27"
"UZB","","ALL","2007","73.43"
"UZB","","ALL","2008","76.69"
"UZB","","ALL","2009","77.95"
"UZB","","ALL","2010","87.34"
"UZB","","ALL","2011","90.21"
"UZB","","ALL","2012","93.38"
"UZB","","ALL","2013","95.84"
"UZB","","ALL","2014","97.61"
"UZB","","ALL","2015","99.79"
"UZB","","ALL","2016","100.42"
"UZB","","ALL","2017","98.6"
"UZB","","ALL","2018","99.93"
"UZB","","ALL","2019","100.37"
"","WESTERN_BALKANS","ALL","1992","76.69"
"","WESTERN_BALKANS","ALL","1993","78.34"
"","WESTERN_BALKANS","ALL","1994","81.77"
"","WESTERN_BALKANS","ALL","1995","80.64"
"","WESTERN_BALKANS","ALL","1996","82.01"
"","WESTERN_BALKANS","ALL","1997","82.84"
"","WESTERN_BALKANS","ALL","1998","82.47"
"","WESTERN_BALKANS","ALL","1999","82.28"
"","WESTERN_BALKANS","ALL","2000","80.1"
"","WESTERN_BALKANS","ALL","2001","80.65"
"","WESTERN_BALKANS","ALL","2002","83.14"
"","WESTERN_BALKANS","ALL","2003","82"
"","WESTERN_BALKANS","ALL","2004","84.14"
"","WESTERN_BALKANS","ALL","2005","83.93"
"","WESTERN_BALKANS","ALL","2006","83.65"
"","WESTERN_BALKANS","ALL","2007","85.07"
"","WESTERN_BALKANS","ALL","2008","87.26"
"","WESTERN_BALKANS","ALL","2009","86.91"
"","WESTERN_BALKANS","ALL","2010","88.02"
"","WESTERN_BALKANS","ALL","2011","88.76"
"","WESTERN_BALKANS","ALL","2012","89.36"
"","WESTERN_BALKANS","ALL","2013","89.54"
"","WESTERN_BALKANS","ALL","2014","91.69"
"","WESTERN_BALKANS","ALL","2015","93.47"
"","WESTERN_BALKANS","ALL","2016","93.69"
"","WESTERN_BALKANS","ALL","2017","92.92"
"","WESTERN_BALKANS","ALL","2018","93.65"
"","WESTERN_BALKANS","ALL","2019","95.04"
"","WHO_EURO","ALL","1992","96.57"
"","WHO_EURO","ALL","1993","95.64"
"","WHO_EURO","ALL","1994","95.6"
"","WHO_EURO","ALL","1995","95.34"
"","WHO_EURO","ALL","1996","94.85"
"","WHO_EURO","ALL","1997","94.93"
"","WHO_EURO","ALL","1998","96.43"
"","WHO_EURO","ALL","1999","95.73"
"","WHO_EURO","ALL","2000","95.59"
"","WHO_EURO","ALL","2001","96.73"
"","WHO_EURO","ALL","2002","97.93"
"","WHO_EURO","ALL","2003","97.79"
"","WHO_EURO","ALL","2004","98.12"
"","WHO_EURO","ALL","2005","98.83"
"","WHO_EURO","ALL","2006","99.44"
"","WHO_EURO","ALL","2007","100.33"
"","WHO_EURO","ALL","2008","100.39"
"","WHO_EURO","ALL","2009","100.3"
"","WHO_EURO","ALL","2010","101.2"
"","WHO_EURO","ALL","2011","101.28"
"","WHO_EURO","ALL","2012","101.61"
"","WHO_EURO","ALL","2013","101.71"
"","WHO_EURO","ALL","2014","101.25"
"","WHO_EURO","ALL","2015","101.93"
"","WHO_EURO","ALL","2016","102.3"
"","WHO_EURO","ALL","2017","102.74"
"","WHO_EURO","ALL","2018","103.44"
"","WHO_EURO","ALL","2019","103.75"

"Last update","2024.10.07 15:52:04 GMT"
"Description","Protein available per person per day (g)"
"Reference link","https://dw.euro.who.int/api/v3/measures/HFA_444?lang=En"

"Copyright"
"© WHO Regional Office for Europe 2025. All rights reserved.","https://www.who.int/about/policies/publishing/copyright"
